,day,IM,REIM,year,city,location,department,lon,lat,temperature
1,50,0,NA,2018,Valais Suisse,Chateauneuf,Switzerland,7.338532,46.213454,NA
2,57,0,NA,2018,Valais Suisse,Chateauneuf,Switzerland,7.338532,46.213454,NA
3,64,14,NA,2018,Valais Suisse,Chateauneuf,Switzerland,7.338532,46.213454,NA
4,71,6,NA,2018,Valais Suisse,Chateauneuf,Switzerland,7.338532,46.213454,NA
5,78,15,NA,2018,Valais Suisse,Chateauneuf,Switzerland,7.338532,46.213454,NA
6,85,20,NA,2018,Valais Suisse,Chateauneuf,Switzerland,7.338532,46.213454,NA
7,92,25,NA,2018,Valais Suisse,Chateauneuf,Switzerland,7.338532,46.213454,NA
8,99,80,NA,2018,Valais Suisse,Chateauneuf,Switzerland,7.338532,46.213454,NA
9,106,100,NA,2018,Valais Suisse,Chateauneuf,Switzerland,7.338532,46.213454,NA
10,113,60,NA,2018,Valais Suisse,Chateauneuf,Switzerland,7.338532,46.213454,NA
11,120,90,NA,2018,Valais Suisse,Chateauneuf,Switzerland,7.338532,46.213454,NA
12,127,20,NA,2018,Valais Suisse,Chateauneuf,Switzerland,7.338532,46.213454,NA
13,134,22,NA,2018,Valais Suisse,Chateauneuf,Switzerland,7.338532,46.213454,NA
14,141,10,0,2018,Valais Suisse,Chateauneuf,Switzerland,7.338532,46.213454,NA
15,148,5,5,2018,Valais Suisse,Chateauneuf,Switzerland,7.338532,46.213454,NA
16,155,2,42,2018,Valais Suisse,Chateauneuf,Switzerland,7.338532,46.213454,NA
17,162,0,50,2018,Valais Suisse,Chateauneuf,Switzerland,7.338532,46.213454,NA
18,53,0,NA,2019,Valais Suisse,Chateauneuf,Switzerland,7.338532,46.213454,NA
19,57,30,NA,2019,Valais Suisse,Chateauneuf,Switzerland,7.338532,46.213454,NA
20,63,56,NA,2019,Valais Suisse,Chateauneuf,Switzerland,7.338532,46.213454,NA
21,70,40,NA,2019,Valais Suisse,Chateauneuf,Switzerland,7.338532,46.213454,NA
22,79,200,NA,2019,Valais Suisse,Chateauneuf,Switzerland,7.338532,46.213454,NA
23,84,240,NA,2019,Valais Suisse,Chateauneuf,Switzerland,7.338532,46.213454,NA
24,91,120,NA,2019,Valais Suisse,Chateauneuf,Switzerland,7.338532,46.213454,NA
25,98,100,NA,2019,Valais Suisse,Chateauneuf,Switzerland,7.338532,46.213454,NA
26,107,140,NA,2019,Valais Suisse,Chateauneuf,Switzerland,7.338532,46.213454,NA
27,112,200,NA,2019,Valais Suisse,Chateauneuf,Switzerland,7.338532,46.213454,NA
28,119,140,NA,2019,Valais Suisse,Chateauneuf,Switzerland,7.338532,46.213454,NA
29,126,140,NA,2019,Valais Suisse,Chateauneuf,Switzerland,7.338532,46.213454,NA
30,133,60,NA,2019,Valais Suisse,Chateauneuf,Switzerland,7.338532,46.213454,NA
31,140,100,0,2019,Valais Suisse,Chateauneuf,Switzerland,7.338532,46.213454,NA
32,147,60,2,2019,Valais Suisse,Chateauneuf,Switzerland,7.338532,46.213454,NA
33,154,15,50,2019,Valais Suisse,Chateauneuf,Switzerland,7.338532,46.213454,NA
34,161,8,128,2019,Valais Suisse,Chateauneuf,Switzerland,7.338532,46.213454,NA
35,169,0,140,2019,Valais Suisse,Chateauneuf,Switzerland,7.338532,46.213454,NA
36,175,0,20,2019,Valais Suisse,Chateauneuf,Switzerland,7.338532,46.213454,NA
37,182,NA,20,2019,Valais Suisse,Chateauneuf,Switzerland,7.338532,46.213454,NA
38,189,NA,8,2019,Valais Suisse,Chateauneuf,Switzerland,7.338532,46.213454,NA
39,99,180,NA,2020,Valais Suisse,Chateauneuf,Switzerland,7.338532,46.213454,NA
40,104,240,NA,2020,Valais Suisse,Chateauneuf,Switzerland,7.338532,46.213454,NA
41,111,140,NA,2020,Valais Suisse,Chateauneuf,Switzerland,7.338532,46.213454,NA
42,118,110,NA,2020,Valais Suisse,Chateauneuf,Switzerland,7.338532,46.213454,NA
43,125,60,NA,2020,Valais Suisse,Chateauneuf,Switzerland,7.338532,46.213454,NA
44,133,10,NA,2020,Valais Suisse,Chateauneuf,Switzerland,7.338532,46.213454,NA
45,139,8,0,2020,Valais Suisse,Chateauneuf,Switzerland,7.338532,46.213454,NA
46,146,8,12,2020,Valais Suisse,Chateauneuf,Switzerland,7.338532,46.213454,NA
47,153,8,40,2020,Valais Suisse,Chateauneuf,Switzerland,7.338532,46.213454,NA
48,160,0,NA,2020,Valais Suisse,Chateauneuf,Switzerland,7.338532,46.213454,NA
49,186,NA,5,2020,Valais Suisse,Chateauneuf,Switzerland,7.338532,46.213454,NA
50,188,NA,5,2020,Valais Suisse,Chateauneuf,Switzerland,7.338532,46.213454,NA
51,195,NA,5,2020,Valais Suisse,Chateauneuf,Switzerland,7.338532,46.213454,NA
52,89,91,NA,2021,Valais Suisse,Chateauneuf,Switzerland,7.338532,46.213454,NA
53,96,284,NA,2021,Valais Suisse,Chateauneuf,Switzerland,7.338532,46.213454,NA
54,103,131,NA,2021,Valais Suisse,Chateauneuf,Switzerland,7.338532,46.213454,NA
55,110,140,NA,2021,Valais Suisse,Chateauneuf,Switzerland,7.338532,46.213454,NA
56,117,67,NA,2021,Valais Suisse,Chateauneuf,Switzerland,7.338532,46.213454,NA
57,124,40,NA,2021,Valais Suisse,Chateauneuf,Switzerland,7.338532,46.213454,NA
58,131,5,NA,2021,Valais Suisse,Chateauneuf,Switzerland,7.338532,46.213454,NA
59,138,20,NA,2021,Valais Suisse,Chateauneuf,Switzerland,7.338532,46.213454,NA
60,145,14,NA,2021,Valais Suisse,Chateauneuf,Switzerland,7.338532,46.213454,NA
61,31,0,NA,2001,Torreilles,Sica Centrex,Pyrenees Orientales,2.978153,42.755583,11.9
62,45,10,NA,2001,Torreilles,Sica Centrex,Pyrenees Orientales,2.978153,42.755583,11.2
63,52,8,NA,2001,Torreilles,Sica Centrex,Pyrenees Orientales,2.978153,42.755583,10.1
64,59,3,NA,2001,Torreilles,Sica Centrex,Pyrenees Orientales,2.978153,42.755583,8.9
65,66,10,NA,2001,Torreilles,Sica Centrex,Pyrenees Orientales,2.978153,42.755583,-0.6
66,73,14,NA,2001,Torreilles,Sica Centrex,Pyrenees Orientales,2.978153,42.755583,1.6
67,80,25,NA,2001,Torreilles,Sica Centrex,Pyrenees Orientales,2.978153,42.755583,4.4
68,87,21,NA,2001,Torreilles,Sica Centrex,Pyrenees Orientales,2.978153,42.755583,16.2
69,94,14,NA,2001,Torreilles,Sica Centrex,Pyrenees Orientales,2.978153,42.755583,11
70,108,0,NA,2001,Torreilles,Sica Centrex,Pyrenees Orientales,2.978153,42.755583,10.5
71,115,0,NA,2001,Torreilles,Sica Centrex,Pyrenees Orientales,2.978153,42.755583,7.8
72,122,0,NA,2001,Torreilles,Sica Centrex,Pyrenees Orientales,2.978153,42.755583,7.5
73,129,0,0,2001,Torreilles,Sica Centrex,Pyrenees Orientales,2.978153,42.755583,4.1
74,136,NA,1,2001,Torreilles,Sica Centrex,Pyrenees Orientales,2.978153,42.755583,1.3
75,143,NA,10,2001,Torreilles,Sica Centrex,Pyrenees Orientales,2.978153,42.755583,5.3
76,150,NA,2,2001,Torreilles,Sica Centrex,Pyrenees Orientales,2.978153,42.755583,5.1
77,157,NA,5,2001,Torreilles,Sica Centrex,Pyrenees Orientales,2.978153,42.755583,10.9
78,164,NA,0,2001,Torreilles,Sica Centrex,Pyrenees Orientales,2.978153,42.755583,12.3
79,171,NA,0,2001,Torreilles,Sica Centrex,Pyrenees Orientales,2.978153,42.755583,9.7
80,178,NA,1,2001,Torreilles,Sica Centrex,Pyrenees Orientales,2.978153,42.755583,7.7
81,185,NA,0,2001,Torreilles,Sica Centrex,Pyrenees Orientales,2.978153,42.755583,9.6
82,192,NA,0,2001,Torreilles,Sica Centrex,Pyrenees Orientales,2.978153,42.755583,10.1
83,30,0,NA,2002,Torreilles,Sica Centrex,Pyrenees Orientales,2.978153,42.755583,8.7
84,37,4,NA,2002,Torreilles,Sica Centrex,Pyrenees Orientales,2.978153,42.755583,11.1
85,44,8,NA,2002,Torreilles,Sica Centrex,Pyrenees Orientales,2.978153,42.755583,4.6
86,51,22,NA,2002,Torreilles,Sica Centrex,Pyrenees Orientales,2.978153,42.755583,0.1
87,58,15,NA,2002,Torreilles,Sica Centrex,Pyrenees Orientales,2.978153,42.755583,4.1
88,65,13,NA,2002,Torreilles,Sica Centrex,Pyrenees Orientales,2.978153,42.755583,7.4
89,72,20,NA,2002,Torreilles,Sica Centrex,Pyrenees Orientales,2.978153,42.755583,8.3
90,79,24,NA,2002,Torreilles,Sica Centrex,Pyrenees Orientales,2.978153,42.755583,8.3
91,86,7,NA,2002,Torreilles,Sica Centrex,Pyrenees Orientales,2.978153,42.755583,11.2
92,93,10,NA,2002,Torreilles,Sica Centrex,Pyrenees Orientales,2.978153,42.755583,12
93,100,3,NA,2002,Torreilles,Sica Centrex,Pyrenees Orientales,2.978153,42.755583,6.3
94,107,4,0,2002,Torreilles,Sica Centrex,Pyrenees Orientales,2.978153,42.755583,11.6
95,114,5,1,2002,Torreilles,Sica Centrex,Pyrenees Orientales,2.978153,42.755583,9.5
96,121,0,3,2002,Torreilles,Sica Centrex,Pyrenees Orientales,2.978153,42.755583,9.4
97,128,NA,18,2002,Torreilles,Sica Centrex,Pyrenees Orientales,2.978153,42.755583,6.9
98,135,NA,17,2002,Torreilles,Sica Centrex,Pyrenees Orientales,2.978153,42.755583,5
99,142,NA,21,2002,Torreilles,Sica Centrex,Pyrenees Orientales,2.978153,42.755583,10.9
100,149,NA,57,2002,Torreilles,Sica Centrex,Pyrenees Orientales,2.978153,42.755583,12.1
101,156,NA,1,2002,Torreilles,Sica Centrex,Pyrenees Orientales,2.978153,42.755583,9.1
102,163,NA,10,2002,Torreilles,Sica Centrex,Pyrenees Orientales,2.978153,42.755583,-1.1
103,170,NA,0,2002,Torreilles,Sica Centrex,Pyrenees Orientales,2.978153,42.755583,5.5
104,177,NA,0,2002,Torreilles,Sica Centrex,Pyrenees Orientales,2.978153,42.755583,2.7
105,29,0,NA,2003,Torreilles,Sica Centrex,Pyrenees Orientales,2.978153,42.755583,15.2
106,36,2,NA,2003,Torreilles,Sica Centrex,Pyrenees Orientales,2.978153,42.755583,5
107,43,4,NA,2003,Torreilles,Sica Centrex,Pyrenees Orientales,2.978153,42.755583,3.1
108,50,5,NA,2003,Torreilles,Sica Centrex,Pyrenees Orientales,2.978153,42.755583,4.3
109,57,3,NA,2003,Torreilles,Sica Centrex,Pyrenees Orientales,2.978153,42.755583,3.8
110,64,1,NA,2003,Torreilles,Sica Centrex,Pyrenees Orientales,2.978153,42.755583,3.6
111,71,6,NA,2003,Torreilles,Sica Centrex,Pyrenees Orientales,2.978153,42.755583,6.9
112,78,15,NA,2003,Torreilles,Sica Centrex,Pyrenees Orientales,2.978153,42.755583,4.7
113,85,11,NA,2003,Torreilles,Sica Centrex,Pyrenees Orientales,2.978153,42.755583,6.1
114,92,13,NA,2003,Torreilles,Sica Centrex,Pyrenees Orientales,2.978153,42.755583,2.1
115,99,6,NA,2003,Torreilles,Sica Centrex,Pyrenees Orientales,2.978153,42.755583,0.4
116,106,2,NA,2003,Torreilles,Sica Centrex,Pyrenees Orientales,2.978153,42.755583,6.5
117,113,0,0,2003,Torreilles,Sica Centrex,Pyrenees Orientales,2.978153,42.755583,0.6
118,120,0,0,2003,Torreilles,Sica Centrex,Pyrenees Orientales,2.978153,42.755583,1.6
119,127,NA,0,2003,Torreilles,Sica Centrex,Pyrenees Orientales,2.978153,42.755583,8.9
120,134,NA,3,2003,Torreilles,Sica Centrex,Pyrenees Orientales,2.978153,42.755583,10.2
121,141,NA,10,2003,Torreilles,Sica Centrex,Pyrenees Orientales,2.978153,42.755583,13
122,148,NA,7,2003,Torreilles,Sica Centrex,Pyrenees Orientales,2.978153,42.755583,7.5
123,155,NA,5,2003,Torreilles,Sica Centrex,Pyrenees Orientales,2.978153,42.755583,2
124,162,NA,0,2003,Torreilles,Sica Centrex,Pyrenees Orientales,2.978153,42.755583,8.7
125,169,NA,0,2003,Torreilles,Sica Centrex,Pyrenees Orientales,2.978153,42.755583,9.9
126,176,NA,0,2003,Torreilles,Sica Centrex,Pyrenees Orientales,2.978153,42.755583,10.7
127,183,NA,0,2003,Torreilles,Sica Centrex,Pyrenees Orientales,2.978153,42.755583,9.8
128,21,0,NA,2004,Torreilles,Sica Centrex,Pyrenees Orientales,2.978153,42.755583,8
129,28,4,NA,2004,Torreilles,Sica Centrex,Pyrenees Orientales,2.978153,42.755583,6.3
130,35,7,NA,2004,Torreilles,Sica Centrex,Pyrenees Orientales,2.978153,42.755583,8.5
131,42,7,NA,2004,Torreilles,Sica Centrex,Pyrenees Orientales,2.978153,42.755583,0.2
132,49,4,NA,2004,Torreilles,Sica Centrex,Pyrenees Orientales,2.978153,42.755583,1.2
133,56,1,NA,2004,Torreilles,Sica Centrex,Pyrenees Orientales,2.978153,42.755583,0.6
134,63,5,NA,2004,Torreilles,Sica Centrex,Pyrenees Orientales,2.978153,42.755583,6.2
135,70,9,NA,2004,Torreilles,Sica Centrex,Pyrenees Orientales,2.978153,42.755583,17.3
136,77,0,NA,2004,Torreilles,Sica Centrex,Pyrenees Orientales,2.978153,42.755583,17.5
137,84,12,NA,2004,Torreilles,Sica Centrex,Pyrenees Orientales,2.978153,42.755583,13.3
138,91,5,NA,2004,Torreilles,Sica Centrex,Pyrenees Orientales,2.978153,42.755583,8.9
139,98,5,NA,2004,Torreilles,Sica Centrex,Pyrenees Orientales,2.978153,42.755583,12
140,105,2,NA,2004,Torreilles,Sica Centrex,Pyrenees Orientales,2.978153,42.755583,14.1
141,112,0,0,2004,Torreilles,Sica Centrex,Pyrenees Orientales,2.978153,42.755583,11
142,119,0,0,2004,Torreilles,Sica Centrex,Pyrenees Orientales,2.978153,42.755583,6.4
143,126,0,0,2004,Torreilles,Sica Centrex,Pyrenees Orientales,2.978153,42.755583,13
144,133,NA,0,2004,Torreilles,Sica Centrex,Pyrenees Orientales,2.978153,42.755583,16
145,140,NA,0,2004,Torreilles,Sica Centrex,Pyrenees Orientales,2.978153,42.755583,7.2
146,147,NA,4,2004,Torreilles,Sica Centrex,Pyrenees Orientales,2.978153,42.755583,4.4
147,154,NA,23,2004,Torreilles,Sica Centrex,Pyrenees Orientales,2.978153,42.755583,7.2
148,161,NA,11,2004,Torreilles,Sica Centrex,Pyrenees Orientales,2.978153,42.755583,10.3
149,168,NA,7,2004,Torreilles,Sica Centrex,Pyrenees Orientales,2.978153,42.755583,11.5
150,175,NA,5,2004,Torreilles,Sica Centrex,Pyrenees Orientales,2.978153,42.755583,9.9
151,182,NA,0,2004,Torreilles,Sica Centrex,Pyrenees Orientales,2.978153,42.755583,8.7
152,5,0,NA,2005,Torreilles,Sica Centrex,Pyrenees Orientales,2.978153,42.755583,16
153,12,1,NA,2005,Torreilles,Sica Centrex,Pyrenees Orientales,2.978153,42.755583,15.6
154,33,3,NA,2005,Torreilles,Sica Centrex,Pyrenees Orientales,2.978153,42.755583,2.9
155,47,2,NA,2005,Torreilles,Sica Centrex,Pyrenees Orientales,2.978153,42.755583,12.8
156,54,1,NA,2005,Torreilles,Sica Centrex,Pyrenees Orientales,2.978153,42.755583,12.2
157,68,3,NA,2005,Torreilles,Sica Centrex,Pyrenees Orientales,2.978153,42.755583,5.6
158,75,7,NA,2005,Torreilles,Sica Centrex,Pyrenees Orientales,2.978153,42.755583,6.5
159,82,54,NA,2005,Torreilles,Sica Centrex,Pyrenees Orientales,2.978153,42.755583,3.1
160,89,30,NA,2005,Torreilles,Sica Centrex,Pyrenees Orientales,2.978153,42.755583,1.5
161,96,21,NA,2005,Torreilles,Sica Centrex,Pyrenees Orientales,2.978153,42.755583,4.4
162,103,13,NA,2005,Torreilles,Sica Centrex,Pyrenees Orientales,2.978153,42.755583,9.6
163,110,15,NA,2005,Torreilles,Sica Centrex,Pyrenees Orientales,2.978153,42.755583,12.3
164,117,0,0,2005,Torreilles,Sica Centrex,Pyrenees Orientales,2.978153,42.755583,9.5
165,124,0,1,2005,Torreilles,Sica Centrex,Pyrenees Orientales,2.978153,42.755583,9
166,131,0,0,2005,Torreilles,Sica Centrex,Pyrenees Orientales,2.978153,42.755583,1.6
167,138,NA,5,2005,Torreilles,Sica Centrex,Pyrenees Orientales,2.978153,42.755583,3.8
168,145,NA,20,2005,Torreilles,Sica Centrex,Pyrenees Orientales,2.978153,42.755583,7
169,152,NA,11,2005,Torreilles,Sica Centrex,Pyrenees Orientales,2.978153,42.755583,10.5
170,159,NA,5,2005,Torreilles,Sica Centrex,Pyrenees Orientales,2.978153,42.755583,15.5
171,166,NA,3,2005,Torreilles,Sica Centrex,Pyrenees Orientales,2.978153,42.755583,15
172,173,NA,0,2005,Torreilles,Sica Centrex,Pyrenees Orientales,2.978153,42.755583,14.5
173,180,NA,0,2005,Torreilles,Sica Centrex,Pyrenees Orientales,2.978153,42.755583,10.8
174,11,0,NA,2006,Torreilles,Sica Centrex,Pyrenees Orientales,2.978153,42.755583,8.1
175,18,0,NA,2006,Torreilles,Sica Centrex,Pyrenees Orientales,2.978153,42.755583,6.9
176,25,0,NA,2006,Torreilles,Sica Centrex,Pyrenees Orientales,2.978153,42.755583,6.9
177,32,0,NA,2006,Torreilles,Sica Centrex,Pyrenees Orientales,2.978153,42.755583,2
178,39,0,NA,2006,Torreilles,Sica Centrex,Pyrenees Orientales,2.978153,42.755583,5.4
179,46,0,NA,2006,Torreilles,Sica Centrex,Pyrenees Orientales,2.978153,42.755583,9.7
180,53,0,NA,2006,Torreilles,Sica Centrex,Pyrenees Orientales,2.978153,42.755583,9.8
181,60,3,NA,2006,Torreilles,Sica Centrex,Pyrenees Orientales,2.978153,42.755583,11.2
182,67,12,NA,2006,Torreilles,Sica Centrex,Pyrenees Orientales,2.978153,42.755583,4.7
183,74,9,NA,2006,Torreilles,Sica Centrex,Pyrenees Orientales,2.978153,42.755583,8
184,81,6,NA,2006,Torreilles,Sica Centrex,Pyrenees Orientales,2.978153,42.755583,2.9
185,88,14,NA,2006,Torreilles,Sica Centrex,Pyrenees Orientales,2.978153,42.755583,9
186,95,3,NA,2006,Torreilles,Sica Centrex,Pyrenees Orientales,2.978153,42.755583,7.8
187,102,5,NA,2006,Torreilles,Sica Centrex,Pyrenees Orientales,2.978153,42.755583,10.1
188,109,1,NA,2006,Torreilles,Sica Centrex,Pyrenees Orientales,2.978153,42.755583,8.9
189,116,0,0,2006,Torreilles,Sica Centrex,Pyrenees Orientales,2.978153,42.755583,6.3
190,123,0,0,2006,Torreilles,Sica Centrex,Pyrenees Orientales,2.978153,42.755583,1.5
191,130,NA,1,2006,Torreilles,Sica Centrex,Pyrenees Orientales,2.978153,42.755583,5.6
192,144,NA,36,2006,Torreilles,Sica Centrex,Pyrenees Orientales,2.978153,42.755583,13.2
193,151,NA,10,2006,Torreilles,Sica Centrex,Pyrenees Orientales,2.978153,42.755583,7.8
194,158,NA,2,2006,Torreilles,Sica Centrex,Pyrenees Orientales,2.978153,42.755583,6.3
195,165,NA,2,2006,Torreilles,Sica Centrex,Pyrenees Orientales,2.978153,42.755583,12.9
196,172,NA,0,2006,Torreilles,Sica Centrex,Pyrenees Orientales,2.978153,42.755583,12.7
197,10,1,NA,2007,Torreilles,Sica Centrex,Pyrenees Orientales,2.978153,42.755583,9.1
198,17,7,NA,2007,Torreilles,Sica Centrex,Pyrenees Orientales,2.978153,42.755583,11
199,31,11,NA,2007,Torreilles,Sica Centrex,Pyrenees Orientales,2.978153,42.755583,14.8
200,45,66,NA,2007,Torreilles,Sica Centrex,Pyrenees Orientales,2.978153,42.755583,17
201,52,55,NA,2007,Torreilles,Sica Centrex,Pyrenees Orientales,2.978153,42.755583,12.5
202,59,79,NA,2007,Torreilles,Sica Centrex,Pyrenees Orientales,2.978153,42.755583,3.8
203,66,96,NA,2007,Torreilles,Sica Centrex,Pyrenees Orientales,2.978153,42.755583,15.9
204,73,55,NA,2007,Torreilles,Sica Centrex,Pyrenees Orientales,2.978153,42.755583,10.2
205,80,30,NA,2007,Torreilles,Sica Centrex,Pyrenees Orientales,2.978153,42.755583,9.3
206,87,17,NA,2007,Torreilles,Sica Centrex,Pyrenees Orientales,2.978153,42.755583,15.4
207,94,34,NA,2007,Torreilles,Sica Centrex,Pyrenees Orientales,2.978153,42.755583,16.6
208,101,16,NA,2007,Torreilles,Sica Centrex,Pyrenees Orientales,2.978153,42.755583,15.6
209,108,9,NA,2007,Torreilles,Sica Centrex,Pyrenees Orientales,2.978153,42.755583,13.8
210,115,0,0,2007,Torreilles,Sica Centrex,Pyrenees Orientales,2.978153,42.755583,8.4
211,122,0,0,2007,Torreilles,Sica Centrex,Pyrenees Orientales,2.978153,42.755583,8.7
212,129,NA,5,2007,Torreilles,Sica Centrex,Pyrenees Orientales,2.978153,42.755583,7.9
213,136,NA,19,2007,Torreilles,Sica Centrex,Pyrenees Orientales,2.978153,42.755583,6.7
214,143,NA,22,2007,Torreilles,Sica Centrex,Pyrenees Orientales,2.978153,42.755583,9.3
215,150,NA,13,2007,Torreilles,Sica Centrex,Pyrenees Orientales,2.978153,42.755583,19.4
216,157,NA,4,2007,Torreilles,Sica Centrex,Pyrenees Orientales,2.978153,42.755583,18.5
217,164,NA,0,2007,Torreilles,Sica Centrex,Pyrenees Orientales,2.978153,42.755583,14.9
218,171,NA,0,2007,Torreilles,Sica Centrex,Pyrenees Orientales,2.978153,42.755583,8.6
219,16,0,NA,2008,Torreilles,Sica Centrex,Pyrenees Orientales,2.978153,42.755583,7.2
220,23,1,NA,2008,Torreilles,Sica Centrex,Pyrenees Orientales,2.978153,42.755583,11.5
221,29,9,NA,2008,Torreilles,Sica Centrex,Pyrenees Orientales,2.978153,42.755583,11.3
222,37,2,NA,2008,Torreilles,Sica Centrex,Pyrenees Orientales,2.978153,42.755583,10.1
223,43,10,NA,2008,Torreilles,Sica Centrex,Pyrenees Orientales,2.978153,42.755583,16.9
224,51,10,NA,2008,Torreilles,Sica Centrex,Pyrenees Orientales,2.978153,42.755583,8.8
225,58,12,NA,2008,Torreilles,Sica Centrex,Pyrenees Orientales,2.978153,42.755583,11.6
226,65,20,NA,2008,Torreilles,Sica Centrex,Pyrenees Orientales,2.978153,42.755583,10.3
227,73,46,NA,2008,Torreilles,Sica Centrex,Pyrenees Orientales,2.978153,42.755583,9.9
228,78,65,NA,2008,Torreilles,Sica Centrex,Pyrenees Orientales,2.978153,42.755583,11.7
229,93,17,NA,2008,Torreilles,Sica Centrex,Pyrenees Orientales,2.978153,42.755583,11
230,100,4,NA,2008,Torreilles,Sica Centrex,Pyrenees Orientales,2.978153,42.755583,7.2
231,107,3,0,2008,Torreilles,Sica Centrex,Pyrenees Orientales,2.978153,42.755583,5.8
232,121,0,1,2008,Torreilles,Sica Centrex,Pyrenees Orientales,2.978153,42.755583,7
233,128,0,4,2008,Torreilles,Sica Centrex,Pyrenees Orientales,2.978153,42.755583,9.8
234,134,NA,12,2008,Torreilles,Sica Centrex,Pyrenees Orientales,2.978153,42.755583,14.9
235,142,NA,16,2008,Torreilles,Sica Centrex,Pyrenees Orientales,2.978153,42.755583,18.3
236,149,NA,7,2008,Torreilles,Sica Centrex,Pyrenees Orientales,2.978153,42.755583,17.1
237,156,NA,2,2008,Torreilles,Sica Centrex,Pyrenees Orientales,2.978153,42.755583,9.5
238,163,NA,0,2008,Torreilles,Sica Centrex,Pyrenees Orientales,2.978153,42.755583,5.7
239,21,0,NA,2009,Torreilles,Sica Centrex,Pyrenees Orientales,2.978153,42.755583,6.7
240,35,1,NA,2009,Torreilles,Sica Centrex,Pyrenees Orientales,2.978153,42.755583,4.3
241,42,1,NA,2009,Torreilles,Sica Centrex,Pyrenees Orientales,2.978153,42.755583,5.7
242,49,1,NA,2009,Torreilles,Sica Centrex,Pyrenees Orientales,2.978153,42.755583,2.7
243,56,0,NA,2009,Torreilles,Sica Centrex,Pyrenees Orientales,2.978153,42.755583,-0.6
244,63,13,NA,2009,Torreilles,Sica Centrex,Pyrenees Orientales,2.978153,42.755583,0.8
245,70,3,NA,2009,Torreilles,Sica Centrex,Pyrenees Orientales,2.978153,42.755583,4.1
246,77,5,NA,2009,Torreilles,Sica Centrex,Pyrenees Orientales,2.978153,42.755583,7.7
247,84,20,NA,2009,Torreilles,Sica Centrex,Pyrenees Orientales,2.978153,42.755583,8.9
248,91,17,NA,2009,Torreilles,Sica Centrex,Pyrenees Orientales,2.978153,42.755583,0.1
249,98,16,NA,2009,Torreilles,Sica Centrex,Pyrenees Orientales,2.978153,42.755583,-0.8
250,105,5,NA,2009,Torreilles,Sica Centrex,Pyrenees Orientales,2.978153,42.755583,7.7
251,112,0,NA,2009,Torreilles,Sica Centrex,Pyrenees Orientales,2.978153,42.755583,7.3
252,119,2,NA,2009,Torreilles,Sica Centrex,Pyrenees Orientales,2.978153,42.755583,5.3
253,126,4,0,2009,Torreilles,Sica Centrex,Pyrenees Orientales,2.978153,42.755583,11.2
254,133,0,0,2009,Torreilles,Sica Centrex,Pyrenees Orientales,2.978153,42.755583,12.1
255,140,NA,18,2009,Torreilles,Sica Centrex,Pyrenees Orientales,2.978153,42.755583,4.9
256,147,NA,79,2009,Torreilles,Sica Centrex,Pyrenees Orientales,2.978153,42.755583,7.2
257,154,NA,22,2009,Torreilles,Sica Centrex,Pyrenees Orientales,2.978153,42.755583,6.8
258,161,NA,11,2009,Torreilles,Sica Centrex,Pyrenees Orientales,2.978153,42.755583,6.1
259,168,NA,3,2009,Torreilles,Sica Centrex,Pyrenees Orientales,2.978153,42.755583,6.3
260,175,NA,0,2009,Torreilles,Sica Centrex,Pyrenees Orientales,2.978153,42.755583,7
261,20,0,NA,2010,Torreilles,Sica Centrex,Pyrenees Orientales,2.978153,42.755583,5.1
262,27,0,NA,2010,Torreilles,Sica Centrex,Pyrenees Orientales,2.978153,42.755583,4
263,48,0,NA,2010,Torreilles,Sica Centrex,Pyrenees Orientales,2.978153,42.755583,0.6
264,55,0,NA,2010,Torreilles,Sica Centrex,Pyrenees Orientales,2.978153,42.755583,2.4
265,76,1,NA,2010,Torreilles,Sica Centrex,Pyrenees Orientales,2.978153,42.755583,1.5
266,83,1,NA,2010,Torreilles,Sica Centrex,Pyrenees Orientales,2.978153,42.755583,0.1
267,90,13,NA,2010,Torreilles,Sica Centrex,Pyrenees Orientales,2.978153,42.755583,-0.8
268,97,1,NA,2010,Torreilles,Sica Centrex,Pyrenees Orientales,2.978153,42.755583,3.7
269,104,7,NA,2010,Torreilles,Sica Centrex,Pyrenees Orientales,2.978153,42.755583,6.6
270,111,0,NA,2010,Torreilles,Sica Centrex,Pyrenees Orientales,2.978153,42.755583,8.8
271,118,0,NA,2010,Torreilles,Sica Centrex,Pyrenees Orientales,2.978153,42.755583,12.9
272,132,NA,0,2010,Torreilles,Sica Centrex,Pyrenees Orientales,2.978153,42.755583,11.8
273,139,NA,0,2010,Torreilles,Sica Centrex,Pyrenees Orientales,2.978153,42.755583,2.9
274,146,NA,1,2010,Torreilles,Sica Centrex,Pyrenees Orientales,2.978153,42.755583,5.1
275,153,NA,4,2010,Torreilles,Sica Centrex,Pyrenees Orientales,2.978153,42.755583,7.7
276,160,NA,5,2010,Torreilles,Sica Centrex,Pyrenees Orientales,2.978153,42.755583,10.6
277,167,NA,1,2010,Torreilles,Sica Centrex,Pyrenees Orientales,2.978153,42.755583,9.1
278,174,NA,1,2010,Torreilles,Sica Centrex,Pyrenees Orientales,2.978153,42.755583,10.9
279,181,NA,0,2010,Torreilles,Sica Centrex,Pyrenees Orientales,2.978153,42.755583,9.6
280,11,0,NA,2012,Torreilles,Sica Centrex,Pyrenees Orientales,2.978153,42.755583,11.6
281,18,2,NA,2012,Torreilles,Sica Centrex,Pyrenees Orientales,2.978153,42.755583,9.5
282,25,0,NA,2012,Torreilles,Sica Centrex,Pyrenees Orientales,2.978153,42.755583,6.5
283,32,0,NA,2012,Torreilles,Sica Centrex,Pyrenees Orientales,2.978153,42.755583,12
284,39,0,NA,2012,Torreilles,Sica Centrex,Pyrenees Orientales,2.978153,42.755583,16.3
285,45,0,NA,2012,Torreilles,Sica Centrex,Pyrenees Orientales,2.978153,42.755583,11.8
286,52,1,NA,2012,Torreilles,Sica Centrex,Pyrenees Orientales,2.978153,42.755583,11.4
287,59,3,NA,2012,Torreilles,Sica Centrex,Pyrenees Orientales,2.978153,42.755583,12
288,67,10,NA,2012,Torreilles,Sica Centrex,Pyrenees Orientales,2.978153,42.755583,9.2
289,74,28,NA,2012,Torreilles,Sica Centrex,Pyrenees Orientales,2.978153,42.755583,6.3
290,22,0,NA,2014,Torreilles,Sica Centrex,Pyrenees Orientales,2.978153,42.755583,13.8
291,30,2,NA,2014,Torreilles,Sica Centrex,Pyrenees Orientales,2.978153,42.755583,13.8
292,37,9,NA,2014,Torreilles,Sica Centrex,Pyrenees Orientales,2.978153,42.755583,13.6
293,44,8,NA,2014,Torreilles,Sica Centrex,Pyrenees Orientales,2.978153,42.755583,9.5
294,51,1,NA,2014,Torreilles,Sica Centrex,Pyrenees Orientales,2.978153,42.755583,10.5
295,58,10,NA,2014,Torreilles,Sica Centrex,Pyrenees Orientales,2.978153,42.755583,11.4
296,65,8,NA,2014,Torreilles,Sica Centrex,Pyrenees Orientales,2.978153,42.755583,9.4
297,72,32,NA,2014,Torreilles,Sica Centrex,Pyrenees Orientales,2.978153,42.755583,10.3
298,79,47,NA,2014,Torreilles,Sica Centrex,Pyrenees Orientales,2.978153,42.755583,11.5
299,86,24,NA,2014,Torreilles,Sica Centrex,Pyrenees Orientales,2.978153,42.755583,13.4
300,100,10,NA,2014,Torreilles,Sica Centrex,Pyrenees Orientales,2.978153,42.755583,10.4
301,21,0,NA,2015,Torreilles,Sica Centrex,Pyrenees Orientales,2.978153,42.755583,19.3
302,28,1,NA,2015,Torreilles,Sica Centrex,Pyrenees Orientales,2.978153,42.755583,15.6
303,35,8,NA,2015,Torreilles,Sica Centrex,Pyrenees Orientales,2.978153,42.755583,5.3
304,42,NA,NA,2015,Torreilles,Sica Centrex,Pyrenees Orientales,2.978153,42.755583,4.8
305,49,14,NA,2015,Torreilles,Sica Centrex,Pyrenees Orientales,2.978153,42.755583,9.6
306,70,9,NA,2015,Torreilles,Sica Centrex,Pyrenees Orientales,2.978153,42.755583,18.9
307,77,65,NA,2015,Torreilles,Sica Centrex,Pyrenees Orientales,2.978153,42.755583,21.1
308,91,20,NA,2015,Torreilles,Sica Centrex,Pyrenees Orientales,2.978153,42.755583,0.8
309,98,9,NA,2015,Torreilles,Sica Centrex,Pyrenees Orientales,2.978153,42.755583,5.7
310,105,1,NA,2015,Torreilles,Sica Centrex,Pyrenees Orientales,2.978153,42.755583,5.8
311,112,0,NA,2015,Torreilles,Sica Centrex,Pyrenees Orientales,2.978153,42.755583,9
312,13,0,NA,2016,Torreilles,Sica Centrex,Pyrenees Orientales,2.978153,42.755583,12.8
313,20,2,NA,2016,Torreilles,Sica Centrex,Pyrenees Orientales,2.978153,42.755583,8.5
314,27,5,NA,2016,Torreilles,Sica Centrex,Pyrenees Orientales,2.978153,42.755583,14
315,34,7,NA,2016,Torreilles,Sica Centrex,Pyrenees Orientales,2.978153,42.755583,10.5
316,41,22,NA,2016,Torreilles,Sica Centrex,Pyrenees Orientales,2.978153,42.755583,8.9
317,48,24,NA,2016,Torreilles,Sica Centrex,Pyrenees Orientales,2.978153,42.755583,10
318,55,15,NA,2016,Torreilles,Sica Centrex,Pyrenees Orientales,2.978153,42.755583,16
319,62,2,NA,2016,Torreilles,Sica Centrex,Pyrenees Orientales,2.978153,42.755583,14.3
320,90,0,NA,2016,Torreilles,Sica Centrex,Pyrenees Orientales,2.978153,42.755583,8.1
321,97,5,NA,2016,Torreilles,Sica Centrex,Pyrenees Orientales,2.978153,42.755583,8.8
322,104,0,NA,2016,Torreilles,Sica Centrex,Pyrenees Orientales,2.978153,42.755583,5.4
323,111,0,NA,2016,Torreilles,Sica Centrex,Pyrenees Orientales,2.978153,42.755583,10.2
324,118,0,NA,2016,Torreilles,Sica Centrex,Pyrenees Orientales,2.978153,42.755583,8.1
325,125,0,NA,2016,Torreilles,Sica Centrex,Pyrenees Orientales,2.978153,42.755583,7
326,132,0,NA,2016,Torreilles,Sica Centrex,Pyrenees Orientales,2.978153,42.755583,7.4
327,39,0,NA,2017,Torreilles,Sica Centrex,Pyrenees Orientales,2.978153,42.755583,6.3
328,46,1,NA,2017,Torreilles,Sica Centrex,Pyrenees Orientales,2.978153,42.755583,11.7
329,53,3,NA,2017,Torreilles,Sica Centrex,Pyrenees Orientales,2.978153,42.755583,13.9
330,60,3,NA,2017,Torreilles,Sica Centrex,Pyrenees Orientales,2.978153,42.755583,11.5
331,67,8,NA,2017,Torreilles,Sica Centrex,Pyrenees Orientales,2.978153,42.755583,7.4
332,74,17,NA,2017,Torreilles,Sica Centrex,Pyrenees Orientales,2.978153,42.755583,10.5
333,81,0,NA,2017,Torreilles,Sica Centrex,Pyrenees Orientales,2.978153,42.755583,7.7
334,17,0,NA,2018,Torreilles,Sica Centrex,Pyrenees Orientales,2.978153,42.755583,17.4
335,24,1,NA,2018,Torreilles,Sica Centrex,Pyrenees Orientales,2.978153,42.755583,15.3
336,31,7,NA,2018,Torreilles,Sica Centrex,Pyrenees Orientales,2.978153,42.755583,17.2
337,45,4,NA,2018,Torreilles,Sica Centrex,Pyrenees Orientales,2.978153,42.755583,13.1
338,59,5,NA,2018,Torreilles,Sica Centrex,Pyrenees Orientales,2.978153,42.755583,6.2
339,66,9,NA,2018,Torreilles,Sica Centrex,Pyrenees Orientales,2.978153,42.755583,8.6
340,73,21,NA,2018,Torreilles,Sica Centrex,Pyrenees Orientales,2.978153,42.755583,7.1
341,87,13,NA,2018,Torreilles,Sica Centrex,Pyrenees Orientales,2.978153,42.755583,9.3
342,94,9,NA,2018,Torreilles,Sica Centrex,Pyrenees Orientales,2.978153,42.755583,11.4
343,101,13,NA,2018,Torreilles,Sica Centrex,Pyrenees Orientales,2.978153,42.755583,8.7
344,108,1,NA,2018,Torreilles,Sica Centrex,Pyrenees Orientales,2.978153,42.755583,8.4
345,115,1,NA,2018,Torreilles,Sica Centrex,Pyrenees Orientales,2.978153,42.755583,7.6
346,9,0,NA,2019,Torreilles,Sica Centrex,Pyrenees Orientales,2.978153,42.755583,7.8
347,16,2,NA,2019,Torreilles,Sica Centrex,Pyrenees Orientales,2.978153,42.755583,8.3
348,23,0,NA,2019,Torreilles,Sica Centrex,Pyrenees Orientales,2.978153,42.755583,9.4
349,30,1,NA,2019,Torreilles,Sica Centrex,Pyrenees Orientales,2.978153,42.755583,9.5
350,37,1,NA,2019,Torreilles,Sica Centrex,Pyrenees Orientales,2.978153,42.755583,14.9
351,44,0,NA,2019,Torreilles,Sica Centrex,Pyrenees Orientales,2.978153,42.755583,10.5
352,65,24,NA,2019,Torreilles,Sica Centrex,Pyrenees Orientales,2.978153,42.755583,11.3
353,72,21,NA,2019,Torreilles,Sica Centrex,Pyrenees Orientales,2.978153,42.755583,5.9
354,79,34,NA,2019,Torreilles,Sica Centrex,Pyrenees Orientales,2.978153,42.755583,4.3
355,86,21,NA,2019,Torreilles,Sica Centrex,Pyrenees Orientales,2.978153,42.755583,7.6
356,93,10,NA,2019,Torreilles,Sica Centrex,Pyrenees Orientales,2.978153,42.755583,10.6
357,100,13,NA,2019,Torreilles,Sica Centrex,Pyrenees Orientales,2.978153,42.755583,12.9
358,107,2,NA,2019,Torreilles,Sica Centrex,Pyrenees Orientales,2.978153,42.755583,12.5
359,114,4,NA,2019,Torreilles,Sica Centrex,Pyrenees Orientales,2.978153,42.755583,10.5
360,135,NA,23,2019,Torreilles,Sica Centrex,Pyrenees Orientales,2.978153,42.755583,10.4
361,22,0,NA,2020,Torreilles,Sica Centrex,Pyrenees Orientales,2.978153,42.755583,14.1
362,36,8,NA,2020,Torreilles,Sica Centrex,Pyrenees Orientales,2.978153,42.755583,12.2
363,43,15,NA,2020,Torreilles,Sica Centrex,Pyrenees Orientales,2.978153,42.755583,2.9
364,50,56,NA,2020,Torreilles,Sica Centrex,Pyrenees Orientales,2.978153,42.755583,7.6
365,57,77,NA,2020,Torreilles,Sica Centrex,Pyrenees Orientales,2.978153,42.755583,13.1
366,64,61,NA,2020,Torreilles,Sica Centrex,Pyrenees Orientales,2.978153,42.755583,6.1
367,71,83,NA,2020,Torreilles,Sica Centrex,Pyrenees Orientales,2.978153,42.755583,11.5
368,78,56,NA,2020,Torreilles,Sica Centrex,Pyrenees Orientales,2.978153,42.755583,13.2
369,85,51,NA,2020,Torreilles,Sica Centrex,Pyrenees Orientales,2.978153,42.755583,12.2
370,92,33,NA,2020,Torreilles,Sica Centrex,Pyrenees Orientales,2.978153,42.755583,3.7
371,106,9,NA,2020,Torreilles,Sica Centrex,Pyrenees Orientales,2.978153,42.755583,8
372,113,4,NA,2020,Torreilles,Sica Centrex,Pyrenees Orientales,2.978153,42.755583,4.6
373,120,1,NA,2020,Torreilles,Sica Centrex,Pyrenees Orientales,2.978153,42.755583,5
374,127,0,NA,2020,Torreilles,Sica Centrex,Pyrenees Orientales,2.978153,42.755583,9
375,20,3,NA,2021,Torreilles,Sica Centrex,Pyrenees Orientales,2.978153,42.755583,NA
376,27,5,NA,2021,Torreilles,Sica Centrex,Pyrenees Orientales,2.978153,42.755583,NA
377,34,10,NA,2021,Torreilles,Sica Centrex,Pyrenees Orientales,2.978153,42.755583,NA
378,41,20,NA,2021,Torreilles,Sica Centrex,Pyrenees Orientales,2.978153,42.755583,NA
379,55,41,NA,2021,Torreilles,Sica Centrex,Pyrenees Orientales,2.978153,42.755583,NA
380,62,31,NA,2021,Torreilles,Sica Centrex,Pyrenees Orientales,2.978153,42.755583,NA
381,69,28,NA,2021,Torreilles,Sica Centrex,Pyrenees Orientales,2.978153,42.755583,NA
382,76,10,NA,2021,Torreilles,Sica Centrex,Pyrenees Orientales,2.978153,42.755583,NA
383,90,1,NA,2021,Torreilles,Sica Centrex,Pyrenees Orientales,2.978153,42.755583,NA
384,97,4,NA,2021,Torreilles,Sica Centrex,Pyrenees Orientales,2.978153,42.755583,NA
385,104,1,NA,2021,Torreilles,Sica Centrex,Pyrenees Orientales,2.978153,42.755583,NA
386,118,0,NA,2021,Torreilles,Sica Centrex,Pyrenees Orientales,2.978153,42.755583,NA
387,132,NA,NA,2021,Torreilles,Sica Centrex,Pyrenees Orientales,2.978153,42.755583,NA
388,139,NA,88,2021,Torreilles,Sica Centrex,Pyrenees Orientales,2.978153,42.755583,NA
389,60,0,NA,2012,Montauban,Massif,Tarn et Garonne,1.35,44.0167,9
390,65,0,NA,2012,Montauban,Massif,Tarn et Garonne,1.35,44.0167,7.3
391,72,5,NA,2012,Montauban,Massif,Tarn et Garonne,1.35,44.0167,3.2
392,79,7,NA,2012,Montauban,Massif,Tarn et Garonne,1.35,44.0167,5.3
393,86,4,NA,2012,Montauban,Massif,Tarn et Garonne,1.35,44.0167,9.9
394,66,7,NA,2014,Montauban,Massif,Tarn et Garonne,1.35,44.0167,11.4
395,73,6,NA,2014,Montauban,Massif,Tarn et Garonne,1.35,44.0167,8.7
396,76,5,NA,2014,Montauban,Massif,Tarn et Garonne,1.35,44.0167,7.1
397,83,1,NA,2014,Montauban,Massif,Tarn et Garonne,1.35,44.0167,8.5
398,93,3,NA,2014,Montauban,Massif,Tarn et Garonne,1.35,44.0167,13.6
399,99,2,NA,2014,Montauban,Massif,Tarn et Garonne,1.35,44.0167,8.9
400,48,0,NA,2015,Montauban,Massif,Tarn et Garonne,1.35,44.0167,6.1
401,55,0,NA,2015,Montauban,Massif,Tarn et Garonne,1.35,44.0167,6.7
402,62,0,NA,2015,Montauban,Massif,Tarn et Garonne,1.35,44.0167,12.1
403,69,1,NA,2015,Montauban,Massif,Tarn et Garonne,1.35,44.0167,14.4
404,76,3,NA,2015,Montauban,Massif,Tarn et Garonne,1.35,44.0167,9.5
405,83,6,NA,2015,Montauban,Massif,Tarn et Garonne,1.35,44.0167,10.8
406,90,12,NA,2015,Montauban,Massif,Tarn et Garonne,1.35,44.0167,0.3
407,97,0,NA,2015,Montauban,Massif,Tarn et Garonne,1.35,44.0167,6.1
408,104,0,NA,2015,Montauban,Massif,Tarn et Garonne,1.35,44.0167,7.6
409,26,0,NA,2016,Montauban,Massif,Tarn et Garonne,1.35,44.0167,10.6
410,33,0,NA,2016,Montauban,Massif,Tarn et Garonne,1.35,44.0167,9.1
411,40,2,NA,2016,Montauban,Massif,Tarn et Garonne,1.35,44.0167,6.5
412,47,4,NA,2016,Montauban,Massif,Tarn et Garonne,1.35,44.0167,8.4
413,54,1,NA,2016,Montauban,Massif,Tarn et Garonne,1.35,44.0167,14.4
414,68,3,NA,2016,Montauban,Massif,Tarn et Garonne,1.35,44.0167,10
415,75,25,NA,2016,Montauban,Massif,Tarn et Garonne,1.35,44.0167,8.6
416,82,28,NA,2016,Montauban,Massif,Tarn et Garonne,1.35,44.0167,10.3
417,89,38,NA,2016,Montauban,Massif,Tarn et Garonne,1.35,44.0167,7.5
418,96,14,NA,2016,Montauban,Massif,Tarn et Garonne,1.35,44.0167,6.2
419,103,5,NA,2016,Montauban,Massif,Tarn et Garonne,1.35,44.0167,8.3
420,110,4,NA,2016,Montauban,Massif,Tarn et Garonne,1.35,44.0167,9.4
421,124,2,NA,2016,Montauban,Massif,Tarn et Garonne,1.35,44.0167,0.9
422,131,1,NA,2016,Montauban,Massif,Tarn et Garonne,1.35,44.0167,-0.8
423,138,0,NA,2016,Montauban,Massif,Tarn et Garonne,1.35,44.0167,4
424,53,0,NA,2017,Montauban,Massif,Tarn et Garonne,1.35,44.0167,NA
425,60,0,NA,2017,Montauban,Massif,Tarn et Garonne,1.35,44.0167,-0.2
426,67,5,NA,2017,Montauban,Massif,Tarn et Garonne,1.35,44.0167,2
427,74,12,NA,2017,Montauban,Massif,Tarn et Garonne,1.35,44.0167,5.5
428,81,17,NA,2017,Montauban,Massif,Tarn et Garonne,1.35,44.0167,5.4
429,88,16,NA,2017,Montauban,Massif,Tarn et Garonne,1.35,44.0167,10.9
430,95,1,NA,2017,Montauban,Massif,Tarn et Garonne,1.35,44.0167,11.5
431,102,0,NA,2017,Montauban,Massif,Tarn et Garonne,1.35,44.0167,6.9
432,109,0,NA,2017,Montauban,Massif,Tarn et Garonne,1.35,44.0167,5.9
433,51,0,NA,2018,Montauban,Massif,Tarn et Garonne,1.35,44.0167,12.5
434,58,0,NA,2018,Montauban,Massif,Tarn et Garonne,1.35,44.0167,6.2
435,65,0,NA,2018,Montauban,Massif,Tarn et Garonne,1.35,44.0167,6.6
436,72,1,NA,2018,Montauban,Massif,Tarn et Garonne,1.35,44.0167,8.5
437,79,4,NA,2018,Montauban,Massif,Tarn et Garonne,1.35,44.0167,8.5
438,86,8,NA,2018,Montauban,Massif,Tarn et Garonne,1.35,44.0167,7.8
439,93,8,NA,2018,Montauban,Massif,Tarn et Garonne,1.35,44.0167,8
440,100,2,NA,2018,Montauban,Massif,Tarn et Garonne,1.35,44.0167,0.3
441,107,5,NA,2018,Montauban,Massif,Tarn et Garonne,1.35,44.0167,5.6
442,114,0,NA,2018,Montauban,Massif,Tarn et Garonne,1.35,44.0167,5.9
443,121,0,NA,2018,Montauban,Massif,Tarn et Garonne,1.35,44.0167,11.3
444,43,0,NA,2019,Montauban,Massif,Tarn et Garonne,1.35,44.0167,-1.3
445,50,3,NA,2019,Montauban,Massif,Tarn et Garonne,1.35,44.0167,1
446,57,16,NA,2019,Montauban,Massif,Tarn et Garonne,1.35,44.0167,3.1
447,64,7,NA,2019,Montauban,Massif,Tarn et Garonne,1.35,44.0167,6.3
448,71,4,NA,2019,Montauban,Massif,Tarn et Garonne,1.35,44.0167,4.6
449,78,6,NA,2019,Montauban,Massif,Tarn et Garonne,1.35,44.0167,3.5
450,85,5,NA,2019,Montauban,Massif,Tarn et Garonne,1.35,44.0167,4
451,92,5,NA,2019,Montauban,Massif,Tarn et Garonne,1.35,44.0167,4
452,99,0,NA,2019,Montauban,Massif,Tarn et Garonne,1.35,44.0167,6.3
453,106,0,NA,2019,Montauban,Massif,Tarn et Garonne,1.35,44.0167,9.1
454,113,1,NA,2019,Montauban,Massif,Tarn et Garonne,1.35,44.0167,7.8
455,120,0,NA,2019,Montauban,Massif,Tarn et Garonne,1.35,44.0167,3.3
456,127,1,NA,2019,Montauban,Massif,Tarn et Garonne,1.35,44.0167,7.1
457,134,0,NA,2019,Montauban,Massif,Tarn et Garonne,1.35,44.0167,9.9
458,35,1,NA,2020,Montauban,Massif,Tarn et Garonne,1.35,44.0167,1.9
459,42,0,NA,2020,Montauban,Massif,Tarn et Garonne,1.35,44.0167,1
460,49,2,NA,2020,Montauban,Massif,Tarn et Garonne,1.35,44.0167,6.9
461,56,2,NA,2020,Montauban,Massif,Tarn et Garonne,1.35,44.0167,5.7
462,63,1,NA,2020,Montauban,Massif,Tarn et Garonne,1.35,44.0167,11.7
463,70,4,NA,2020,Montauban,Massif,Tarn et Garonne,1.35,44.0167,12.9
464,77,3,NA,2020,Montauban,Massif,Tarn et Garonne,1.35,44.0167,9.6
465,84,5,NA,2020,Montauban,Massif,Tarn et Garonne,1.35,44.0167,5
466,91,1,NA,2020,Montauban,Massif,Tarn et Garonne,1.35,44.0167,-1.9
467,98,0,NA,2020,Montauban,Massif,Tarn et Garonne,1.35,44.0167,-0.5
468,105,3,NA,2020,Montauban,Massif,Tarn et Garonne,1.35,44.0167,5.2
469,112,0,NA,2020,Montauban,Massif,Tarn et Garonne,1.35,44.0167,10.4
470,32,0,0,2021,Montauban,Massif,Tarn et Garonne,1.35,44.0167,NA
471,39,1,2,2021,Montauban,Massif,Tarn et Garonne,1.35,44.0167,NA
472,46,2,2,2021,Montauban,Massif,Tarn et Garonne,1.35,44.0167,NA
473,53,2,4,2021,Montauban,Massif,Tarn et Garonne,1.35,44.0167,NA
474,60,5,12,2021,Montauban,Massif,Tarn et Garonne,1.35,44.0167,NA
475,67,5,13,2021,Montauban,Massif,Tarn et Garonne,1.35,44.0167,NA
476,74,3,9,2021,Montauban,Massif,Tarn et Garonne,1.35,44.0167,NA
477,81,1,4,2021,Montauban,Massif,Tarn et Garonne,1.35,44.0167,NA
478,88,2,4,2021,Montauban,Massif,Tarn et Garonne,1.35,44.0167,NA
479,95,4,5,2021,Montauban,Massif,Tarn et Garonne,1.35,44.0167,NA
480,102,1,3,2021,Montauban,Massif,Tarn et Garonne,1.35,44.0167,NA
481,109,0,7,2021,Montauban,Massif,Tarn et Garonne,1.35,44.0167,NA
482,116,0,2,2021,Montauban,Massif,Tarn et Garonne,1.35,44.0167,NA
483,65,2,NA,2012,Etoile sur Rhone,SEFRA,Drome,4.886926,44.819325,6.8
484,72,2,NA,2012,Etoile sur Rhone,SEFRA,Drome,4.886926,44.819325,8.2
485,79,14,NA,2012,Etoile sur Rhone,SEFRA,Drome,4.886926,44.819325,10.2
486,86,38,NA,2012,Etoile sur Rhone,SEFRA,Drome,4.886926,44.819325,9.9
487,93,14,NA,2012,Etoile sur Rhone,SEFRA,Drome,4.886926,44.819325,6.5
488,100,18,NA,2012,Etoile sur Rhone,SEFRA,Drome,4.886926,44.819325,5
489,107,4,NA,2012,Etoile sur Rhone,SEFRA,Drome,4.886926,44.819325,2.6
490,114,11,NA,2012,Etoile sur Rhone,SEFRA,Drome,4.886926,44.819325,0.6
491,123,10,NA,2012,Etoile sur Rhone,SEFRA,Drome,4.886926,44.819325,0.9
492,126,0,NA,2012,Etoile sur Rhone,SEFRA,Drome,4.886926,44.819325,6.8
493,133,0,0,2012,Etoile sur Rhone,SEFRA,Drome,4.886926,44.819325,4.5
494,142,NA,1,2012,Etoile sur Rhone,SEFRA,Drome,4.886926,44.819325,7.6
495,150,NA,2,2012,Etoile sur Rhone,SEFRA,Drome,4.886926,44.819325,8.8
496,156,NA,3,2012,Etoile sur Rhone,SEFRA,Drome,4.886926,44.819325,8.3
497,163,NA,3,2012,Etoile sur Rhone,SEFRA,Drome,4.886926,44.819325,6
498,170,NA,1,2012,Etoile sur Rhone,SEFRA,Drome,4.886926,44.819325,8.8
499,56,3,NA,2013,Etoile sur Rhone,SEFRA,Drome,4.886926,44.819325,5.5
500,63,6,NA,2013,Etoile sur Rhone,SEFRA,Drome,4.886926,44.819325,5.6
501,70,16,NA,2013,Etoile sur Rhone,SEFRA,Drome,4.886926,44.819325,3.3
502,77,11,NA,2013,Etoile sur Rhone,SEFRA,Drome,4.886926,44.819325,5.7
503,84,17,NA,2013,Etoile sur Rhone,SEFRA,Drome,4.886926,44.819325,4.7
504,92,17,NA,2013,Etoile sur Rhone,SEFRA,Drome,4.886926,44.819325,3.1
505,98,9,NA,2013,Etoile sur Rhone,SEFRA,Drome,4.886926,44.819325,0.5
506,105,30,NA,2013,Etoile sur Rhone,SEFRA,Drome,4.886926,44.819325,5.8
507,112,24,NA,2013,Etoile sur Rhone,SEFRA,Drome,4.886926,44.819325,1.5
508,48,0,NA,2014,Etoile sur Rhone,SEFRA,Drome,4.886926,44.819325,10
509,55,0,NA,2014,Etoile sur Rhone,SEFRA,Drome,4.886926,44.819325,11.8
510,62,1,NA,2014,Etoile sur Rhone,SEFRA,Drome,4.886926,44.819325,13.7
511,69,8,NA,2014,Etoile sur Rhone,SEFRA,Drome,4.886926,44.819325,11.2
512,76,16,NA,2014,Etoile sur Rhone,SEFRA,Drome,4.886926,44.819325,7.6
513,83,31,NA,2014,Etoile sur Rhone,SEFRA,Drome,4.886926,44.819325,8.9
514,90,30,NA,2014,Etoile sur Rhone,SEFRA,Drome,4.886926,44.819325,7.7
515,97,38,NA,2014,Etoile sur Rhone,SEFRA,Drome,4.886926,44.819325,8.6
516,104,12,NA,2014,Etoile sur Rhone,SEFRA,Drome,4.886926,44.819325,7.6
517,112,6,NA,2014,Etoile sur Rhone,SEFRA,Drome,4.886926,44.819325,5.8
518,118,6,NA,2014,Etoile sur Rhone,SEFRA,Drome,4.886926,44.819325,5.8
519,125,7,NA,2014,Etoile sur Rhone,SEFRA,Drome,4.886926,44.819325,11.8
520,132,1,NA,2014,Etoile sur Rhone,SEFRA,Drome,4.886926,44.819325,10.1
521,139,1,NA,2014,Etoile sur Rhone,SEFRA,Drome,4.886926,44.819325,11.3
522,47,6,NA,2015,Etoile sur Rhone,SEFRA,Drome,4.886926,44.819325,6.4
523,54,0,NA,2015,Etoile sur Rhone,SEFRA,Drome,4.886926,44.819325,9.5
524,61,5,NA,2015,Etoile sur Rhone,SEFRA,Drome,4.886926,44.819325,9
525,68,10,NA,2015,Etoile sur Rhone,SEFRA,Drome,4.886926,44.819325,7.4
526,75,4,NA,2015,Etoile sur Rhone,SEFRA,Drome,4.886926,44.819325,8.3
527,82,7,NA,2015,Etoile sur Rhone,SEFRA,Drome,4.886926,44.819325,11.4
528,89,19,NA,2015,Etoile sur Rhone,SEFRA,Drome,4.886926,44.819325,5.4
529,97,29,NA,2015,Etoile sur Rhone,SEFRA,Drome,4.886926,44.819325,-2.7
530,103,15,NA,2015,Etoile sur Rhone,SEFRA,Drome,4.886926,44.819325,11
531,110,16,NA,2015,Etoile sur Rhone,SEFRA,Drome,4.886926,44.819325,13.8
532,117,1,NA,2015,Etoile sur Rhone,SEFRA,Drome,4.886926,44.819325,9.4
533,124,1,NA,2015,Etoile sur Rhone,SEFRA,Drome,4.886926,44.819325,13.5
534,131,1,NA,2015,Etoile sur Rhone,SEFRA,Drome,4.886926,44.819325,4.8
535,138,19,NA,2015,Etoile sur Rhone,SEFRA,Drome,4.886926,44.819325,-0.4
536,32,7,NA,2016,Etoile sur Rhone,SEFRA,Drome,4.886926,44.819325,7.9
537,39,4,NA,2016,Etoile sur Rhone,SEFRA,Drome,4.886926,44.819325,8.4
538,46,2,NA,2016,Etoile sur Rhone,SEFRA,Drome,4.886926,44.819325,8.5
539,53,10,NA,2016,Etoile sur Rhone,SEFRA,Drome,4.886926,44.819325,7.3
540,60,22,NA,2016,Etoile sur Rhone,SEFRA,Drome,4.886926,44.819325,7.6
541,67,13,NA,2016,Etoile sur Rhone,SEFRA,Drome,4.886926,44.819325,7.6
542,74,10,NA,2016,Etoile sur Rhone,SEFRA,Drome,4.886926,44.819325,10.3
543,81,16,NA,2016,Etoile sur Rhone,SEFRA,Drome,4.886926,44.819325,10.7
544,89,25,NA,2016,Etoile sur Rhone,SEFRA,Drome,4.886926,44.819325,4.7
545,95,14,NA,2016,Etoile sur Rhone,SEFRA,Drome,4.886926,44.819325,8.1
546,102,10,NA,2016,Etoile sur Rhone,SEFRA,Drome,4.886926,44.819325,9.1
547,109,5,NA,2016,Etoile sur Rhone,SEFRA,Drome,4.886926,44.819325,4
548,116,4,NA,2016,Etoile sur Rhone,SEFRA,Drome,4.886926,44.819325,5.8
549,123,2,NA,2016,Etoile sur Rhone,SEFRA,Drome,4.886926,44.819325,1.4
550,130,3,NA,2016,Etoile sur Rhone,SEFRA,Drome,4.886926,44.819325,2.4
551,138,1,NA,2016,Etoile sur Rhone,SEFRA,Drome,4.886926,44.819325,0.8
552,144,0,NA,2016,Etoile sur Rhone,SEFRA,Drome,4.886926,44.819325,1.8
553,37,0,NA,2017,Etoile sur Rhone,SEFRA,Drome,4.886926,44.819325,6.4
554,44,0,NA,2017,Etoile sur Rhone,SEFRA,Drome,4.886926,44.819325,0.2
555,51,7,NA,2017,Etoile sur Rhone,SEFRA,Drome,4.886926,44.819325,-2.1
556,58,4,NA,2017,Etoile sur Rhone,SEFRA,Drome,4.886926,44.819325,2
557,65,5,NA,2017,Etoile sur Rhone,SEFRA,Drome,4.886926,44.819325,2.4
558,72,27,NA,2017,Etoile sur Rhone,SEFRA,Drome,4.886926,44.819325,2.7
559,79,60,NA,2017,Etoile sur Rhone,SEFRA,Drome,4.886926,44.819325,5.4
560,86,53,NA,2017,Etoile sur Rhone,SEFRA,Drome,4.886926,44.819325,8.6
561,93,35,NA,2017,Etoile sur Rhone,SEFRA,Drome,4.886926,44.819325,11.5
562,100,8,NA,2017,Etoile sur Rhone,SEFRA,Drome,4.886926,44.819325,5.5
563,108,7,NA,2017,Etoile sur Rhone,SEFRA,Drome,4.886926,44.819325,2.8
564,114,1,NA,2017,Etoile sur Rhone,SEFRA,Drome,4.886926,44.819325,1.6
565,122,0,NA,2017,Etoile sur Rhone,SEFRA,Drome,4.886926,44.819325,0.8
566,129,2,NA,2017,Etoile sur Rhone,SEFRA,Drome,4.886926,44.819325,0.6
567,135,0,NA,2017,Etoile sur Rhone,SEFRA,Drome,4.886926,44.819325,0.7
568,43,0,NA,2018,Etoile sur Rhone,SEFRA,Drome,4.886926,44.819325,12.7
569,50,0,NA,2018,Etoile sur Rhone,SEFRA,Drome,4.886926,44.819325,10
570,57,0,NA,2018,Etoile sur Rhone,SEFRA,Drome,4.886926,44.819325,9.4
571,64,2,NA,2018,Etoile sur Rhone,SEFRA,Drome,4.886926,44.819325,7.6
572,71,5,NA,2018,Etoile sur Rhone,SEFRA,Drome,4.886926,44.819325,9
573,78,7,NA,2018,Etoile sur Rhone,SEFRA,Drome,4.886926,44.819325,12
574,85,5,NA,2018,Etoile sur Rhone,SEFRA,Drome,4.886926,44.819325,8.5
575,92,10,NA,2018,Etoile sur Rhone,SEFRA,Drome,4.886926,44.819325,8
576,99,13,NA,2018,Etoile sur Rhone,SEFRA,Drome,4.886926,44.819325,3.1
577,106,10,NA,2018,Etoile sur Rhone,SEFRA,Drome,4.886926,44.819325,4.5
578,113,4,NA,2018,Etoile sur Rhone,SEFRA,Drome,4.886926,44.819325,4.1
579,120,0,NA,2018,Etoile sur Rhone,SEFRA,Drome,4.886926,44.819325,8.2
580,49,2,NA,2019,Etoile sur Rhone,SEFRA,Drome,4.886926,44.819325,5.8
581,56,4,NA,2019,Etoile sur Rhone,SEFRA,Drome,4.886926,44.819325,5.7
582,63,40,NA,2019,Etoile sur Rhone,SEFRA,Drome,4.886926,44.819325,7.2
583,70,31,NA,2019,Etoile sur Rhone,SEFRA,Drome,4.886926,44.819325,7.9
584,77,35,NA,2019,Etoile sur Rhone,SEFRA,Drome,4.886926,44.819325,4.7
585,84,36,NA,2019,Etoile sur Rhone,SEFRA,Drome,4.886926,44.819325,2.4
586,91,25,NA,2019,Etoile sur Rhone,SEFRA,Drome,4.886926,44.819325,3.7
587,98,23,NA,2019,Etoile sur Rhone,SEFRA,Drome,4.886926,44.819325,6.6
588,105,29,NA,2019,Etoile sur Rhone,SEFRA,Drome,4.886926,44.819325,7.1
589,113,8,NA,2019,Etoile sur Rhone,SEFRA,Drome,4.886926,44.819325,7
590,119,11,NA,2019,Etoile sur Rhone,SEFRA,Drome,4.886926,44.819325,7.4
591,126,3,NA,2019,Etoile sur Rhone,SEFRA,Drome,4.886926,44.819325,12.5
592,133,3,NA,2019,Etoile sur Rhone,SEFRA,Drome,4.886926,44.819325,9.8
593,140,1,NA,2019,Etoile sur Rhone,SEFRA,Drome,4.886926,44.819325,4
594,41,14,NA,2020,Etoile sur Rhone,SEFRA,Drome,4.886926,44.819325,4.3
595,48,14,NA,2020,Etoile sur Rhone,SEFRA,Drome,4.886926,44.819325,2.1
596,55,64,NA,2020,Etoile sur Rhone,SEFRA,Drome,4.886926,44.819325,9.6
597,62,28,NA,2020,Etoile sur Rhone,SEFRA,Drome,4.886926,44.819325,12.5
598,69,20,NA,2020,Etoile sur Rhone,SEFRA,Drome,4.886926,44.819325,11.5
599,73,16,NA,2020,Etoile sur Rhone,SEFRA,Drome,4.886926,44.819325,8
600,83,35,NA,2020,Etoile sur Rhone,SEFRA,Drome,4.886926,44.819325,8.2
601,90,43,NA,2020,Etoile sur Rhone,SEFRA,Drome,4.886926,44.819325,4.8
602,97,36,NA,2020,Etoile sur Rhone,SEFRA,Drome,4.886926,44.819325,4.9
603,104,28,NA,2020,Etoile sur Rhone,SEFRA,Drome,4.886926,44.819325,3.9
604,111,9,NA,2020,Etoile sur Rhone,SEFRA,Drome,4.886926,44.819325,11
605,118,8,NA,2020,Etoile sur Rhone,SEFRA,Drome,4.886926,44.819325,10.5
606,125,2,NA,2020,Etoile sur Rhone,SEFRA,Drome,4.886926,44.819325,12.6
607,132,0,NA,2020,Etoile sur Rhone,SEFRA,Drome,4.886926,44.819325,9.9
608,39,2,NA,2021,Etoile sur Rhone,SEFRA,Drome,4.886926,44.819325,NA
609,46,3,NA,2021,Etoile sur Rhone,SEFRA,Drome,4.886926,44.819325,NA
610,53,0,NA,2021,Etoile sur Rhone,SEFRA,Drome,4.886926,44.819325,NA
611,60,9,NA,2021,Etoile sur Rhone,SEFRA,Drome,4.886926,44.819325,NA
612,67,5,NA,2021,Etoile sur Rhone,SEFRA,Drome,4.886926,44.819325,NA
613,74,5,NA,2021,Etoile sur Rhone,SEFRA,Drome,4.886926,44.819325,NA
614,81,4,NA,2021,Etoile sur Rhone,SEFRA,Drome,4.886926,44.819325,NA
615,88,3,NA,2021,Etoile sur Rhone,SEFRA,Drome,4.886926,44.819325,NA
616,96,3,NA,2021,Etoile sur Rhone,SEFRA,Drome,4.886926,44.819325,NA
617,102,7,NA,2021,Etoile sur Rhone,SEFRA,Drome,4.886926,44.819325,NA
618,109,1,NA,2021,Etoile sur Rhone,SEFRA,Drome,4.886926,44.819325,NA
619,116,0,NA,2021,Etoile sur Rhone,SEFRA,Drome,4.886926,44.819325,NA
620,123,0,NA,2021,Etoile sur Rhone,SEFRA,Drome,4.886926,44.819325,NA
621,130,0,NA,2021,Etoile sur Rhone,SEFRA,Drome,4.886926,44.819325,NA
622,137,0,NA,2021,Etoile sur Rhone,SEFRA,Drome,4.886926,44.819325,NA
623,33,0,NA,2016,Gotheron,Chemin des Reys,Drome,4.933042,44.97311,7.7
624,48,25,NA,2016,Gotheron,Chemin des Reys,Drome,4.933042,44.97311,2.3
625,50,51,NA,2016,Gotheron,Chemin des Reys,Drome,4.933042,44.97311,3.7
626,67,158,NA,2016,Gotheron,Chemin des Reys,Drome,4.933042,44.97311,7.6
627,82,24,NA,2016,Gotheron,Chemin des Reys,Drome,4.933042,44.97311,12.2
628,89,92,NA,2016,Gotheron,Chemin des Reys,Drome,4.933042,44.97311,4.7
629,33,3,NA,2016,Gotheron,Les Robins canal,Drome,4.928299,44.968702,7.7
630,40,8,NA,2016,Gotheron,Les Robins canal,Drome,4.928299,44.968702,5.5
631,46,17,NA,2016,Gotheron,Les Robins canal,Drome,4.928299,44.968702,8.5
632,48,6,NA,2016,Gotheron,Les Robins canal,Drome,4.928299,44.968702,2.3
633,50,NA,NA,2016,Gotheron,Les Robins canal,Drome,4.928299,44.968702,3.7
634,52,35,NA,2016,Gotheron,Les Robins canal,Drome,4.928299,44.968702,5.7
635,57,NA,NA,2016,Gotheron,Les Robins canal,Drome,4.928299,44.968702,6.4
636,60,52,NA,2016,Gotheron,Les Robins canal,Drome,4.928299,44.968702,7.6
637,67,37,NA,2016,Gotheron,Les Robins canal,Drome,4.928299,44.968702,7.6
638,74,47,NA,2016,Gotheron,Les Robins canal,Drome,4.928299,44.968702,10.3
639,82,96,NA,2016,Gotheron,Les Robins canal,Drome,4.928299,44.968702,12.2
640,89,70,NA,2016,Gotheron,Les Robins canal,Drome,4.928299,44.968702,4.7
641,95,95,NA,2016,Gotheron,Les Robins canal,Drome,4.928299,44.968702,8.1
642,102,77,NA,2016,Gotheron,Les Robins canal,Drome,4.928299,44.968702,9.1
643,109,36,NA,2016,Gotheron,Les Robins canal,Drome,4.928299,44.968702,4
644,116,60,NA,2016,Gotheron,Les Robins canal,Drome,4.928299,44.968702,5.8
645,123,29,NA,2016,Gotheron,Les Robins canal,Drome,4.928299,44.968702,1.4
646,130,24,NA,2016,Gotheron,Les Robins canal,Drome,4.928299,44.968702,2.4
647,50,22,NA,2000,Montpellier,Montbazin,Herault,3.696,43.514,1
648,57,20,NA,2000,Montpellier,Montbazin,Herault,3.696,43.514,4.2
649,64,28,NA,2000,Montpellier,Montbazin,Herault,3.696,43.514,7.1
650,71,44,NA,2000,Montpellier,Montbazin,Herault,3.696,43.514,8.2
651,78,52,NA,2000,Montpellier,Montbazin,Herault,3.696,43.514,9.89
652,85,52,NA,2000,Montpellier,Montbazin,Herault,3.696,43.514,8.89
653,92,78,NA,2000,Montpellier,Montbazin,Herault,3.696,43.514,8.89
654,99,58,NA,2000,Montpellier,Montbazin,Herault,3.696,43.514,0.8
655,106,44,NA,2000,Montpellier,Montbazin,Herault,3.696,43.514,4
656,113,22,NA,2000,Montpellier,Montbazin,Herault,3.696,43.514,7.3
657,120,12,NA,2000,Montpellier,Montbazin,Herault,3.696,43.514,5.3
658,127,2,NA,2000,Montpellier,Montbazin,Herault,3.696,43.514,3.6
659,134,0,0,2000,Montpellier,Montbazin,Herault,3.696,43.514,4.8
660,141,NA,16,2000,Montpellier,Montbazin,Herault,3.696,43.514,14.6
661,148,NA,24,2000,Montpellier,Montbazin,Herault,3.696,43.514,11.39
662,155,NA,102,2000,Montpellier,Montbazin,Herault,3.696,43.514,4.89
663,162,NA,0,2000,Montpellier,Montbazin,Herault,3.696,43.514,-1.4
664,24,0,NA,2001,Montpellier,Montbazin,Herault,3.696,43.514,6.9
665,38,1,NA,2001,Montpellier,Montbazin,Herault,3.696,43.514,12.7
666,45,6,NA,2001,Montpellier,Montbazin,Herault,3.696,43.514,12.6
667,52,25,NA,2001,Montpellier,Montbazin,Herault,3.696,43.514,5
668,59,31,NA,2001,Montpellier,Montbazin,Herault,3.696,43.514,5.8
669,66,68,NA,2001,Montpellier,Montbazin,Herault,3.696,43.514,3
670,73,37,NA,2001,Montpellier,Montbazin,Herault,3.696,43.514,10.9
671,80,42,NA,2001,Montpellier,Montbazin,Herault,3.696,43.514,11.2
672,87,27,NA,2001,Montpellier,Montbazin,Herault,3.696,43.514,13.2
673,94,42,NA,2001,Montpellier,Montbazin,Herault,3.696,43.514,11.8
674,101,18,NA,2001,Montpellier,Montbazin,Herault,3.696,43.514,12.9
675,108,15,NA,2001,Montpellier,Montbazin,Herault,3.696,43.514,6.1
676,115,5,NA,2001,Montpellier,Montbazin,Herault,3.696,43.514,4.9
677,122,0,NA,2001,Montpellier,Montbazin,Herault,3.696,43.514,4.7
678,129,NA,1,2001,Montpellier,Montbazin,Herault,3.696,43.514,4
679,136,NA,41,2001,Montpellier,Montbazin,Herault,3.696,43.514,2.5
680,143,NA,40,2001,Montpellier,Montbazin,Herault,3.696,43.514,8.8
681,150,NA,33,2001,Montpellier,Montbazin,Herault,3.696,43.514,8.1
682,157,NA,4,2001,Montpellier,Montbazin,Herault,3.696,43.514,13.1
683,164,NA,2,2001,Montpellier,Montbazin,Herault,3.696,43.514,10.4
684,171,NA,2,2001,Montpellier,Montbazin,Herault,3.696,43.514,8.3
685,178,NA,0,2001,Montpellier,Montbazin,Herault,3.696,43.514,9.7
686,38,0,NA,2002,Montpellier,Montbazin,Herault,3.696,43.514,8.7
687,45,6,NA,2002,Montpellier,Montbazin,Herault,3.696,43.514,8.2
688,52,4,NA,2002,Montpellier,Montbazin,Herault,3.696,43.514,1.6
689,59,3,NA,2002,Montpellier,Montbazin,Herault,3.696,43.514,3.8
690,66,19,NA,2002,Montpellier,Montbazin,Herault,3.696,43.514,3.4
691,73,31,NA,2002,Montpellier,Montbazin,Herault,3.696,43.514,3.6
692,87,35,NA,2002,Montpellier,Montbazin,Herault,3.696,43.514,6.3
693,94,18,NA,2002,Montpellier,Montbazin,Herault,3.696,43.514,11.4
694,101,13,NA,2002,Montpellier,Montbazin,Herault,3.696,43.514,7.6
695,108,5,NA,2002,Montpellier,Montbazin,Herault,3.696,43.514,7.6
696,115,0,0,2002,Montpellier,Montbazin,Herault,3.696,43.514,1.1
697,122,NA,2,2002,Montpellier,Montbazin,Herault,3.696,43.514,7.1
698,129,NA,2,2002,Montpellier,Montbazin,Herault,3.696,43.514,3.4
699,136,NA,22,2002,Montpellier,Montbazin,Herault,3.696,43.514,2.4
700,143,NA,77,2002,Montpellier,Montbazin,Herault,3.696,43.514,6.4
701,150,NA,33,2002,Montpellier,Montbazin,Herault,3.696,43.514,8
702,157,NA,22,2002,Montpellier,Montbazin,Herault,3.696,43.514,14.8
703,164,NA,10,2002,Montpellier,Montbazin,Herault,3.696,43.514,1.9
704,171,NA,1,2002,Montpellier,Montbazin,Herault,3.696,43.514,10.8
705,178,NA,0,2002,Montpellier,Montbazin,Herault,3.696,43.514,1.7
706,49,23,NA,2004,Montpellier,Grabels,Herault,3.8466106,43.6101842,0.3
707,56,19,NA,2004,Montpellier,Grabels,Herault,3.8466106,43.6101842,2.8
708,63,3,NA,2004,Montpellier,Grabels,Herault,3.8466106,43.6101842,7.8
709,84,22,NA,2004,Montpellier,Grabels,Herault,3.8466106,43.6101842,8.5
710,92,19,NA,2004,Montpellier,Grabels,Herault,3.8466106,43.6101842,10.8
711,107,18,NA,2004,Montpellier,Grabels,Herault,3.8466106,43.6101842,14.4
712,126,9,NA,2004,Montpellier,Grabels,Herault,3.8466106,43.6101842,9.6
713,134,4,NA,2004,Montpellier,Grabels,Herault,3.8466106,43.6101842,11.3
714,140,2,NA,2004,Montpellier,Grabels,Herault,3.8466106,43.6101842,9.2
715,147,2,1,2004,Montpellier,Grabels,Herault,3.8466106,43.6101842,2.6
716,155,1,36,2004,Montpellier,Grabels,Herault,3.8466106,43.6101842,8.8
717,162,NA,23,2004,Montpellier,Grabels,Herault,3.8466106,43.6101842,10.2
718,175,NA,4,2004,Montpellier,Grabels,Herault,3.8466106,43.6101842,9.2
719,183,NA,8,2004,Montpellier,Grabels,Herault,3.8466106,43.6101842,8.3
720,190,NA,0,2004,Montpellier,Grabels,Herault,3.8466106,43.6101842,8
721,20,1,NA,2005,Montpellier,Grabels,Herault,3.8466106,43.6101842,8.3
722,28,0,NA,2005,Montpellier,Grabels,Herault,3.8466106,43.6101842,2.6
723,33,0,NA,2005,Montpellier,Grabels,Herault,3.8466106,43.6101842,0.1
724,39,0,NA,2005,Montpellier,Grabels,Herault,3.8466106,43.6101842,6
725,48,0,NA,2005,Montpellier,Grabels,Herault,3.8466106,43.6101842,8.1
726,54,0,NA,2005,Montpellier,Grabels,Herault,3.8466106,43.6101842,13.6
727,61,0,NA,2005,Montpellier,Grabels,Herault,3.8466106,43.6101842,11.8
728,69,1,NA,2005,Montpellier,Grabels,Herault,3.8466106,43.6101842,10.2
729,75,4,NA,2005,Montpellier,Grabels,Herault,3.8466106,43.6101842,7.4
730,84,11,NA,2005,Montpellier,Grabels,Herault,3.8466106,43.6101842,6.6
731,91,15,NA,2005,Montpellier,Grabels,Herault,3.8466106,43.6101842,5.9
732,96,17,NA,2005,Montpellier,Grabels,Herault,3.8466106,43.6101842,7.4
733,103,23,NA,2005,Montpellier,Grabels,Herault,3.8466106,43.6101842,8.4
734,109,12,NA,2005,Montpellier,Grabels,Herault,3.8466106,43.6101842,11
735,112,12,NA,2005,Montpellier,Grabels,Herault,3.8466106,43.6101842,3
736,117,7,NA,2005,Montpellier,Grabels,Herault,3.8466106,43.6101842,10.3
737,122,5,NA,2005,Montpellier,Grabels,Herault,3.8466106,43.6101842,6.9
738,124,12,NA,2005,Montpellier,Grabels,Herault,3.8466106,43.6101842,7.9
739,131,3,NA,2005,Montpellier,Grabels,Herault,3.8466106,43.6101842,3.8
740,140,0,1,2005,Montpellier,Grabels,Herault,3.8466106,43.6101842,7.4
741,147,NA,7,2005,Montpellier,Grabels,Herault,3.8466106,43.6101842,9.8
742,152,NA,11,2005,Montpellier,Grabels,Herault,3.8466106,43.6101842,5.8
743,160,NA,39,2005,Montpellier,Grabels,Herault,3.8466106,43.6101842,13.3
744,166,NA,18,2005,Montpellier,Grabels,Herault,3.8466106,43.6101842,13.8
745,175,NA,3,2005,Montpellier,Grabels,Herault,3.8466106,43.6101842,12.7
746,182,NA,1,2005,Montpellier,Grabels,Herault,3.8466106,43.6101842,10.7
747,189,NA,0,2005,Montpellier,Grabels,Herault,3.8466106,43.6101842,6.8
748,55,0,NA,2006,Montpellier,Grabels,Herault,3.8466106,43.6101842,6.3
749,68,1,NA,2006,Montpellier,Grabels,Herault,3.8466106,43.6101842,6.1
750,82,6,NA,2006,Montpellier,Grabels,Herault,3.8466106,43.6101842,-0.1
751,95,19,NA,2006,Montpellier,Grabels,Herault,3.8466106,43.6101842,5.9
752,104,9,NA,2006,Montpellier,Grabels,Herault,3.8466106,43.6101842,5.3
753,117,2,NA,2006,Montpellier,Grabels,Herault,3.8466106,43.6101842,5.6
754,124,4,NA,2006,Montpellier,Grabels,Herault,3.8466106,43.6101842,3.8
755,132,1,0,2006,Montpellier,Grabels,Herault,3.8466106,43.6101842,6.2
756,142,4,1,2006,Montpellier,Grabels,Herault,3.8466106,43.6101842,13.1
757,159,0,15,2006,Montpellier,Grabels,Herault,3.8466106,43.6101842,7.2
758,167,NA,5,2006,Montpellier,Grabels,Herault,3.8466106,43.6101842,8
759,177,NA,0,2006,Montpellier,Grabels,Herault,3.8466106,43.6101842,3.1
760,54,2,NA,2007,Montpellier,Grabels,Herault,3.8466106,43.6101842,13.4
761,60,8,NA,2007,Montpellier,Grabels,Herault,3.8466106,43.6101842,10.1
762,68,12,NA,2007,Montpellier,Grabels,Herault,3.8466106,43.6101842,11.7
763,73,7,NA,2007,Montpellier,Grabels,Herault,3.8466106,43.6101842,11
764,89,13,NA,2007,Montpellier,Grabels,Herault,3.8466106,43.6101842,12.8
765,131,NA,9,2007,Montpellier,Grabels,Herault,3.8466106,43.6101842,8.7
766,136,NA,36,2007,Montpellier,Grabels,Herault,3.8466106,43.6101842,8.9
767,145,NA,35,2007,Montpellier,Grabels,Herault,3.8466106,43.6101842,16
768,66,53,NA,2008,Montpellier,Grabels,Herault,3.8466106,43.6101842,7.2
769,81,30,NA,2008,Montpellier,Grabels,Herault,3.8466106,43.6101842,12.3
770,88,23,NA,2008,Montpellier,Grabels,Herault,3.8466106,43.6101842,9
771,121,4,NA,2008,Montpellier,Grabels,Herault,3.8466106,43.6101842,12
772,128,2,NA,2008,Montpellier,Grabels,Herault,3.8466106,43.6101842,10.3
773,135,2,0,2008,Montpellier,Grabels,Herault,3.8466106,43.6101842,10.8
774,143,0,16,2008,Montpellier,Grabels,Herault,3.8466106,43.6101842,14.2
775,150,NA,90,2008,Montpellier,Grabels,Herault,3.8466106,43.6101842,18.6
776,158,1,29,2008,Montpellier,Grabels,Herault,3.8466106,43.6101842,14.2
777,36,0,NA,2009,Montpellier,Grabels,Herault,3.8466106,43.6101842,-2.4
778,44,0,NA,2009,Montpellier,Grabels,Herault,3.8466106,43.6101842,2.1
779,55,3,NA,2009,Montpellier,Grabels,Herault,3.8466106,43.6101842,-0.3
780,65,14,NA,2009,Montpellier,Grabels,Herault,3.8466106,43.6101842,2.4
781,71,18,NA,2009,Montpellier,Grabels,Herault,3.8466106,43.6101842,5.6
782,78,34,NA,2009,Montpellier,Grabels,Herault,3.8466106,43.6101842,9.7
783,85,33,NA,2009,Montpellier,Grabels,Herault,3.8466106,43.6101842,10.1
784,90,42,NA,2009,Montpellier,Grabels,Herault,3.8466106,43.6101842,-2
785,98,26,NA,2009,Montpellier,Grabels,Herault,3.8466106,43.6101842,-0.9
786,105,10,NA,2009,Montpellier,Grabels,Herault,3.8466106,43.6101842,3.6
787,114,15,NA,2009,Montpellier,Grabels,Herault,3.8466106,43.6101842,1.4
788,120,5,NA,2009,Montpellier,Grabels,Herault,3.8466106,43.6101842,3.3
789,127,4,0,2009,Montpellier,Grabels,Herault,3.8466106,43.6101842,6.7
790,134,4,10,2009,Montpellier,Grabels,Herault,3.8466106,43.6101842,12.4
791,140,2,57,2009,Montpellier,Grabels,Herault,3.8466106,43.6101842,7
792,149,0,153,2009,Montpellier,Grabels,Herault,3.8466106,43.6101842,11.1
793,156,1,66,2009,Montpellier,Grabels,Herault,3.8466106,43.6101842,6.4
794,163,0,8,2009,Montpellier,Grabels,Herault,3.8466106,43.6101842,3.8
795,170,0,3,2009,Montpellier,Grabels,Herault,3.8466106,43.6101842,0.8
796,50,0,NA,2010,Montpellier,Grabels,Herault,3.8466106,43.6101842,-2.9
797,56,0,NA,2010,Montpellier,Grabels,Herault,3.8466106,43.6101842,2.8
798,61,0,NA,2010,Montpellier,Grabels,Herault,3.8466106,43.6101842,2.2
799,71,5,NA,2010,Montpellier,Grabels,Herault,3.8466106,43.6101842,0.2
800,77,26,NA,2010,Montpellier,Grabels,Herault,3.8466106,43.6101842,3.7
801,85,12,NA,2010,Montpellier,Grabels,Herault,3.8466106,43.6101842,5.4
802,90,39,NA,2010,Montpellier,Grabels,Herault,3.8466106,43.6101842,-5.1
803,97,23,NA,2010,Montpellier,Grabels,Herault,3.8466106,43.6101842,4.1
804,106,40,NA,2010,Montpellier,Grabels,Herault,3.8466106,43.6101842,9.3
805,116,31,NA,2010,Montpellier,Grabels,Herault,3.8466106,43.6101842,12
806,120,38,NA,2010,Montpellier,Grabels,Herault,3.8466106,43.6101842,2.7
807,127,13,NA,2010,Montpellier,Grabels,Herault,3.8466106,43.6101842,7.6
808,132,6,NA,2010,Montpellier,Grabels,Herault,3.8466106,43.6101842,12
809,141,4,0,2010,Montpellier,Grabels,Herault,3.8466106,43.6101842,13.3
810,148,1,11,2010,Montpellier,Grabels,Herault,3.8466106,43.6101842,6.8
811,154,2,36,2010,Montpellier,Grabels,Herault,3.8466106,43.6101842,6.1
812,159,0,96,2010,Montpellier,Grabels,Herault,3.8466106,43.6101842,3.8
813,169,NA,43,2010,Montpellier,Grabels,Herault,3.8466106,43.6101842,0.5
814,174,NA,21,2010,Montpellier,Grabels,Herault,3.8466106,43.6101842,6.6
815,182,NA,9,2010,Montpellier,Grabels,Herault,3.8466106,43.6101842,6
816,188,NA,1,2010,Montpellier,Grabels,Herault,3.8466106,43.6101842,7.2
817,54,39,NA,2011,Montpellier,Grabels,Herault,3.8466106,43.6101842,12.5
818,59,69,NA,2011,Montpellier,Grabels,Herault,3.8466106,43.6101842,12
819,67,117,NA,2011,Montpellier,Grabels,Herault,3.8466106,43.6101842,12.6
820,77,75,NA,2011,Montpellier,Grabels,Herault,3.8466106,43.6101842,13
821,83,52,NA,2011,Montpellier,Grabels,Herault,3.8466106,43.6101842,2.9
822,91,16,NA,2011,Montpellier,Grabels,Herault,3.8466106,43.6101842,7.5
823,98,24,NA,2011,Montpellier,Grabels,Herault,3.8466106,43.6101842,13.5
824,108,45,NA,2011,Montpellier,Grabels,Herault,3.8466106,43.6101842,7.8
825,119,15,0,2011,Montpellier,Grabels,Herault,3.8466106,43.6101842,6.5
826,125,3,4,2011,Montpellier,Grabels,Herault,3.8466106,43.6101842,10.6
827,132,1,22,2011,Montpellier,Grabels,Herault,3.8466106,43.6101842,12.2
828,139,0,90,2011,Montpellier,Grabels,Herault,3.8466106,43.6101842,6.2
829,146,NA,96,2011,Montpellier,Grabels,Herault,3.8466106,43.6101842,7.3
830,154,NA,142,2011,Montpellier,Grabels,Herault,3.8466106,43.6101842,0.8
831,161,NA,34,2011,Montpellier,Grabels,Herault,3.8466106,43.6101842,1.9
832,168,NA,13,2011,Montpellier,Grabels,Herault,3.8466106,43.6101842,1.6
833,47,1,NA,2012,Montpellier,Grabels,Herault,3.8466106,43.6101842,7.9
834,54,3,NA,2012,Montpellier,Grabels,Herault,3.8466106,43.6101842,11.8
835,60,24,NA,2012,Montpellier,Grabels,Herault,3.8466106,43.6101842,15.4
836,67,45,NA,2012,Montpellier,Grabels,Herault,3.8466106,43.6101842,8.4
837,73,43,NA,2012,Montpellier,Grabels,Herault,3.8466106,43.6101842,2.7
838,82,73,NA,2012,Montpellier,Grabels,Herault,3.8466106,43.6101842,6.6
839,89,87,NA,2012,Montpellier,Grabels,Herault,3.8466106,43.6101842,-0.3
840,96,51,NA,2012,Montpellier,Grabels,Herault,3.8466106,43.6101842,-0.5
841,102,22,NA,2012,Montpellier,Grabels,Herault,3.8466106,43.6101842,4
842,109,32,NA,2012,Montpellier,Grabels,Herault,3.8466106,43.6101842,5.1
843,115,34,NA,2012,Montpellier,Grabels,Herault,3.8466106,43.6101842,8.6
844,124,6,NA,2012,Montpellier,Grabels,Herault,3.8466106,43.6101842,10.6
845,131,6,0,2012,Montpellier,Grabels,Herault,3.8466106,43.6101842,7.6
846,144,1,26,2012,Montpellier,Grabels,Herault,3.8466106,43.6101842,-0.6
847,165,0,40,2012,Montpellier,Grabels,Herault,3.8466106,43.6101842,13.9
848,174,NA,4,2012,Montpellier,Grabels,Herault,3.8466106,43.6101842,10.4
849,181,NA,0,2012,Montpellier,Grabels,Herault,3.8466106,43.6101842,11.1
850,38,18,NA,2013,Montpellier,Grabels,Herault,3.8466106,43.6101842,16.9
851,52,37,NA,2013,Montpellier,Grabels,Herault,3.8466106,43.6101842,7.2
852,58,40,NA,2013,Montpellier,Grabels,Herault,3.8466106,43.6101842,1.8
853,71,47,NA,2013,Montpellier,Grabels,Herault,3.8466106,43.6101842,4.1
854,85,44,NA,2013,Montpellier,Grabels,Herault,3.8466106,43.6101842,12.8
855,94,37,NA,2013,Montpellier,Grabels,Herault,3.8466106,43.6101842,9.6
856,99,28,NA,2013,Montpellier,Grabels,Herault,3.8466106,43.6101842,5.4
857,109,13,NA,2013,Montpellier,Grabels,Herault,3.8466106,43.6101842,5.8
858,115,10,NA,2013,Montpellier,Grabels,Herault,3.8466106,43.6101842,1.4
859,127,2,0,2013,Montpellier,Grabels,Herault,3.8466106,43.6101842,1.6
860,144,NA,9,2013,Montpellier,Grabels,Herault,3.8466106,43.6101842,0.6
861,149,NA,41,2013,Montpellier,Grabels,Herault,3.8466106,43.6101842,9.8
862,152,NA,75,2013,Montpellier,Grabels,Herault,3.8466106,43.6101842,12.1
863,164,NA,40,2013,Montpellier,Grabels,Herault,3.8466106,43.6101842,11.6
864,173,NA,15,2013,Montpellier,Grabels,Herault,3.8466106,43.6101842,10.3
865,180,NA,3,2013,Montpellier,Grabels,Herault,3.8466106,43.6101842,5.8
866,187,NA,0,2013,Montpellier,Grabels,Herault,3.8466106,43.6101842,3.9
867,43,0,NA,2014,Montpellier,Grabels,Herault,3.8466106,43.6101842,4
868,50,1,NA,2014,Montpellier,Grabels,Herault,3.8466106,43.6101842,10.3
869,57,5,NA,2014,Montpellier,Grabels,Herault,3.8466106,43.6101842,11.9
870,64,8,NA,2014,Montpellier,Grabels,Herault,3.8466106,43.6101842,11.3
871,75,19,NA,2014,Montpellier,Grabels,Herault,3.8466106,43.6101842,10.2
872,87,52,NA,2014,Montpellier,Grabels,Herault,3.8466106,43.6101842,11.5
873,94,22,NA,2014,Montpellier,Grabels,Herault,3.8466106,43.6101842,12.5
874,99,16,NA,2014,Montpellier,Grabels,Herault,3.8466106,43.6101842,8.4
875,106,6,NA,2014,Montpellier,Grabels,Herault,3.8466106,43.6101842,5.8
876,113,2,NA,2014,Montpellier,Grabels,Herault,3.8466106,43.6101842,5.7
877,120,0,0,2014,Montpellier,Grabels,Herault,3.8466106,43.6101842,5.2
878,134,NA,13,2014,Montpellier,Grabels,Herault,3.8466106,43.6101842,13.2
879,143,NA,54,2014,Montpellier,Grabels,Herault,3.8466106,43.6101842,13
880,155,NA,13,2014,Montpellier,Grabels,Herault,3.8466106,43.6101842,8.3
881,162,NA,6,2014,Montpellier,Grabels,Herault,3.8466106,43.6101842,7.7
882,43,1,NA,2015,Montpellier,Grabels,Herault,3.8466106,43.6101842,-0.6
883,57,6,NA,2015,Montpellier,Grabels,Herault,3.8466106,43.6101842,3.3
884,65,10,NA,2015,Montpellier,Grabels,Herault,3.8466106,43.6101842,8.9
885,70,26,NA,2015,Montpellier,Grabels,Herault,3.8466106,43.6101842,17.2
886,79,68,NA,2015,Montpellier,Grabels,Herault,3.8466106,43.6101842,14.5
887,85,70,NA,2015,Montpellier,Grabels,Herault,3.8466106,43.6101842,13.9
888,92,49,NA,2015,Montpellier,Grabels,Herault,3.8466106,43.6101842,5.1
889,98,25,NA,2015,Montpellier,Grabels,Herault,3.8466106,43.6101842,6.3
890,106,22,NA,2015,Montpellier,Grabels,Herault,3.8466106,43.6101842,9.4
891,119,13,NA,2015,Montpellier,Grabels,Herault,3.8466106,43.6101842,12.8
892,126,15,NA,2015,Montpellier,Grabels,Herault,3.8466106,43.6101842,11.3
893,133,4,NA,2015,Montpellier,Grabels,Herault,3.8466106,43.6101842,11.1
894,140,2,117,2015,Montpellier,Grabels,Herault,3.8466106,43.6101842,1.1
895,147,2,393,2015,Montpellier,Grabels,Herault,3.8466106,43.6101842,8.9
896,155,0,156,2015,Montpellier,Grabels,Herault,3.8466106,43.6101842,4.1
897,161,NA,10,2015,Montpellier,Grabels,Herault,3.8466106,43.6101842,5.5
898,168,NA,20,2015,Montpellier,Grabels,Herault,3.8466106,43.6101842,4
899,29,0,NA,2016,Montpellier,Grabels,Herault,3.8466106,43.6101842,13.2
900,34,9,NA,2016,Montpellier,Grabels,Herault,3.8466106,43.6101842,9.6
901,42,19,NA,2016,Montpellier,Grabels,Herault,3.8466106,43.6101842,5.7
902,49,18,NA,2016,Montpellier,Grabels,Herault,3.8466106,43.6101842,8.1
903,56,46,NA,2016,Montpellier,Grabels,Herault,3.8466106,43.6101842,14.1
904,69,29,NA,2016,Montpellier,Grabels,Herault,3.8466106,43.6101842,12.9
905,76,49,NA,2016,Montpellier,Grabels,Herault,3.8466106,43.6101842,10.4
906,83,90,NA,2016,Montpellier,Grabels,Herault,3.8466106,43.6101842,9.7
907,90,91,NA,2016,Montpellier,Grabels,Herault,3.8466106,43.6101842,9.2
908,97,85,NA,2016,Montpellier,Grabels,Herault,3.8466106,43.6101842,7
909,104,60,NA,2016,Montpellier,Grabels,Herault,3.8466106,43.6101842,4.3
910,111,37,NA,2016,Montpellier,Grabels,Herault,3.8466106,43.6101842,9.5
911,125,9,NA,2016,Montpellier,Grabels,Herault,3.8466106,43.6101842,9.3
912,133,2,NA,2016,Montpellier,Grabels,Herault,3.8466106,43.6101842,8.8
913,139,3,0,2016,Montpellier,Grabels,Herault,3.8466106,43.6101842,2.7
914,146,0,13,2016,Montpellier,Grabels,Herault,3.8466106,43.6101842,3.2
915,154,0,61,2016,Montpellier,Grabels,Herault,3.8466106,43.6101842,5.7
916,161,1,60,2016,Montpellier,Grabels,Herault,3.8466106,43.6101842,4.8
917,169,0,9,2016,Montpellier,Grabels,Herault,3.8466106,43.6101842,1.7
918,41,0,NA,2017,Montpellier,Grabels,Herault,3.8466106,43.6101842,4.3
919,54,13,NA,2017,Montpellier,Grabels,Herault,3.8466106,43.6101842,7.7
920,60,20,NA,2017,Montpellier,Grabels,Herault,3.8466106,43.6101842,4.6
921,67,21,NA,2017,Montpellier,Grabels,Herault,3.8466106,43.6101842,-0.2
922,74,108,NA,2017,Montpellier,Grabels,Herault,3.8466106,43.6101842,1.8
923,95,30,NA,2017,Montpellier,Grabels,Herault,3.8466106,43.6101842,11.2
924,110,6,NA,2017,Montpellier,Grabels,Herault,3.8466106,43.6101842,8.6
925,117,7,NA,2017,Montpellier,Grabels,Herault,3.8466106,43.6101842,8
926,123,3,0,2017,Montpellier,Grabels,Herault,3.8466106,43.6101842,1
927,137,0,14,2017,Montpellier,Grabels,Herault,3.8466106,43.6101842,-3.4
928,143,NA,39,2017,Montpellier,Grabels,Herault,3.8466106,43.6101842,-0.4
929,157,NA,56,2017,Montpellier,Grabels,Herault,3.8466106,43.6101842,10.9
930,166,NA,15,2017,Montpellier,Grabels,Herault,3.8466106,43.6101842,6.7
931,174,NA,6,2017,Montpellier,Grabels,Herault,3.8466106,43.6101842,6.1
932,45,2,NA,2018,Montpellier,Montferrier,Herault,3.859,43.667,13.7
933,52,7,NA,2018,Montpellier,Montferrier,Herault,3.859,43.667,14
934,58,13,NA,2018,Montpellier,Montferrier,Herault,3.859,43.667,11.7
935,66,9,NA,2018,Montpellier,Montferrier,Herault,3.859,43.667,8.2
936,73,16,NA,2018,Montpellier,Montferrier,Herault,3.859,43.667,10.8
937,80,28,NA,2018,Montpellier,Montferrier,Herault,3.859,43.667,8.3
938,87,21,NA,2018,Montpellier,Montferrier,Herault,3.859,43.667,9.6
939,94,22,NA,2018,Montpellier,Montferrier,Herault,3.859,43.667,12.9
940,100,15,NA,2018,Montpellier,Montferrier,Herault,3.859,43.667,4.4
941,108,22,NA,2018,Montpellier,Montferrier,Herault,3.859,43.667,8.2
942,123,1,NA,2018,Montpellier,Montferrier,Herault,3.859,43.667,10.9
943,129,2,0,2018,Montpellier,Montferrier,Herault,3.859,43.667,15.3
944,137,3,6,2018,Montpellier,Montferrier,Herault,3.859,43.667,8.5
945,145,0,29,2018,Montpellier,Montferrier,Herault,3.859,43.667,11.4
946,152,NA,39,2018,Montpellier,Montferrier,Herault,3.859,43.667,9.4
947,159,NA,31,2018,Montpellier,Montferrier,Herault,3.859,43.667,13.2
948,164,NA,22,2018,Montpellier,Montferrier,Herault,3.859,43.667,13.6
949,172,NA,14,2018,Montpellier,Montferrier,Herault,3.859,43.667,15.9
950,180,NA,0,2018,Montpellier,Montferrier,Herault,3.859,43.667,11.8
951,46,9,NA,2019,Montpellier,Montferrier_Prades,Herault,3.859,43.667,3.5
952,50,10,NA,2019,Montpellier,Montferrier_Prades,Herault,3.859,43.667,4.7
953,56,47,NA,2019,Montpellier,Montferrier_Prades,Herault,3.859,43.667,-0.5
954,70,52,NA,2019,Montpellier,Montferrier_Prades,Herault,3.859,43.667,4.7
955,77,55,NA,2019,Montpellier,Montferrier_Prades,Herault,3.859,43.667,3.3
956,84,69,NA,2019,Montpellier,Montferrier_Prades,Herault,3.859,43.667,5.4
957,91,64,NA,2019,Montpellier,Montferrier_Prades,Herault,3.859,43.667,5.6
958,96,31,NA,2019,Montpellier,Montferrier_Prades,Herault,3.859,43.667,10.6
959,105,26,NA,2019,Montpellier,Montferrier_Prades,Herault,3.859,43.667,15.9
960,133,11,15,2019,Montpellier,Montferrier_Prades,Herault,3.859,43.667,5.2
961,140,6,102,2019,Montpellier,Montferrier_Prades,Herault,3.859,43.667,5.2
962,149,2,191,2019,Montpellier,Montferrier_Prades,Herault,3.859,43.667,1.5
963,158,0,295,2019,Montpellier,Montferrier_Prades,Herault,3.859,43.667,-0.2
964,168,NA,97,2019,Montpellier,Montferrier_Prades,Herault,3.859,43.667,4.3
965,175,NA,19,2019,Montpellier,Montferrier_Prades,Herault,3.859,43.667,4.3
966,186,NA,1,2019,Montpellier,Montferrier_Prades,Herault,3.859,43.667,8.3
967,28,2,NA,2020,Montpellier,Prades_StClement_LaBoissiere,Herault,3.863,43.698,13.6
968,43,16,NA,2020,Montpellier,Prades_StClement_LaBoissiere,Herault,3.863,43.698,6.6
969,49,14,NA,2020,Montpellier,Prades_StClement_LaBoissiere,Herault,3.863,43.698,5
970,58,27,NA,2020,Montpellier,Prades_StClement_LaBoissiere,Herault,3.863,43.698,5
971,63,82,NA,2020,Montpellier,Prades_StClement_LaBoissiere,Herault,3.863,43.698,8.9
972,69,122,NA,2020,Montpellier,Prades_StClement_LaBoissiere,Herault,3.863,43.698,12.2
973,79,82,NA,2020,Montpellier,Prades_StClement_LaBoissiere,Herault,3.863,43.698,10.8
974,133,5,4,2020,Montpellier,Prades_StClement_LaBoissiere,Herault,3.863,43.698,12.6
975,140,4,20,2020,Montpellier,Prades_StClement_LaBoissiere,Herault,3.863,43.698,6.4
976,150,0,30,2020,Montpellier,Prades_StClement_LaBoissiere,Herault,3.863,43.698,8.8
977,155,NA,46,2020,Montpellier,Prades_StClement_LaBoissiere,Herault,3.863,43.698,5.5
978,161,NA,115,2020,Montpellier,Prades_StClement_LaBoissiere,Herault,3.863,43.698,5
979,169,NA,223,2020,Montpellier,Prades_StClement_LaBoissiere,Herault,3.863,43.698,6.6
980,176,NA,70,2020,Montpellier,Prades_StClement_LaBoissiere,Herault,3.863,43.698,6.6
981,185,NA,15,2020,Montpellier,Prades_StClement_LaBoissiere,Herault,3.863,43.698,10.9
982,190,NA,7,2020,Montpellier,Prades_StClement_LaBoissiere,Herault,3.863,43.698,10.5
983,197,NA,2,2020,Montpellier,Prades_StClement_LaBoissiere,Herault,3.863,43.698,12.4
984,204,NA,0,2020,Montpellier,Prades_StClement_LaBoissiere,Herault,3.863,43.698,11.8
985,29,0,NA,2021,Montpellier,Montferrier,Herault,3.859,43.667,NA
986,36,0,NA,2021,Montpellier,Montferrier,Herault,3.859,43.667,NA
987,76,69,NA,2021,Montpellier,Montferrier,Herault,3.859,43.667,NA
988,83,89,NA,2021,Montpellier,Montferrier,Herault,3.859,43.667,NA
989,90,46,NA,2021,Montpellier,Montferrier,Herault,3.859,43.667,NA
990,97,47,NA,2021,Montpellier,Montferrier,Herault,3.859,43.667,NA
991,104,27,NA,2021,Montpellier,Montferrier,Herault,3.859,43.667,NA
992,111,49,NA,2021,Montpellier,Montferrier,Herault,3.859,43.667,NA
993,117,36,NA,2021,Montpellier,Montferrier,Herault,3.859,43.667,NA
994,125,26,0,2021,Montpellier,Montferrier,Herault,3.859,43.667,NA
995,132,16,2,2021,Montpellier,Montferrier,Herault,3.859,43.667,NA
996,139,4,3,2021,Montpellier,Montferrier,Herault,3.859,43.667,NA
997,146,1,35,2021,Montpellier,Montferrier,Herault,3.859,43.667,NA
998,154,0,137,2021,Montpellier,Montferrier,Herault,3.859,43.667,NA
999,29,0,NA,2021,Montpellier,Montferrier,Herault,3.859,43.667,NA
1000,36,0,NA,2021,Montpellier,Montferrier,Herault,3.859,43.667,NA
1001,76,69,NA,2021,Montpellier,Montferrier,Herault,3.859,43.667,NA
1002,83,89,NA,2021,Montpellier,Montferrier,Herault,3.859,43.667,NA
1003,90,46,NA,2021,Montpellier,Montferrier,Herault,3.859,43.667,NA
1004,97,47,NA,2021,Montpellier,Montferrier,Herault,3.859,43.667,NA
1005,104,27,NA,2021,Montpellier,Montferrier,Herault,3.859,43.667,NA
1006,111,49,NA,2021,Montpellier,Montferrier,Herault,3.859,43.667,NA
1007,117,36,NA,2021,Montpellier,Montferrier,Herault,3.859,43.667,NA
1008,125,26,0,2021,Montpellier,Montferrier,Herault,3.859,43.667,NA
1009,132,16,2,2021,Montpellier,Montferrier,Herault,3.859,43.667,NA
1010,139,4,3,2021,Montpellier,Montferrier,Herault,3.859,43.667,NA
1011,146,1,35,2021,Montpellier,Montferrier,Herault,3.859,43.667,NA
1012,154,0,137,2021,Montpellier,Montferrier,Herault,3.859,43.667,NA
1013,161,0,97,2021,Montpellier,Montferrier,Herault,3.859,43.667,NA
1014,168,0,42,2021,Montpellier,Montferrier,Herault,3.859,43.667,NA
1015,174,NA,21,2021,Montpellier,Montferrier,Herault,3.859,43.667,NA
1016,181,NA,7,2021,Montpellier,Montferrier,Herault,3.859,43.667,NA
1017,189,NA,2,2021,Montpellier,Montferrier,Herault,3.859,43.667,NA
1018,196,NA,0,2021,Montpellier,Montferrier,Herault,3.859,43.667,NA
1019,70,41,NA,2021,Montpellier,Montferrier,Herault,3.859,43.667,NA
1020,110,89,NA,2021,Montpellier,La Boissiere,Herault,3.67426,43.6972,NA
1021,117,72,NA,2021,Montpellier,La Boissiere,Herault,3.67426,43.6972,NA
1022,125,59,0,2021,Montpellier,La Boissiere,Herault,3.67426,43.6972,NA
1023,132,24,0,2021,Montpellier,La Boissiere,Herault,3.67426,43.6972,NA
1024,139,15,0,2021,Montpellier,La Boissiere,Herault,3.67426,43.6972,NA
1025,146,8,2,2021,Montpellier,La Boissiere,Herault,3.67426,43.6972,NA
1026,154,5,25,2021,Montpellier,La Boissiere,Herault,3.67426,43.6972,NA
1027,161,0,72,2021,Montpellier,La Boissiere,Herault,3.67426,43.6972,NA
1028,174,0,82,2021,Montpellier,La Boissiere,Herault,3.67426,43.6972,NA
1029,181,NA,49,2021,Montpellier,La Boissiere,Herault,3.67426,43.6972,NA
1030,189,NA,19,2021,Montpellier,La Boissiere,Herault,3.67426,43.6972,NA
1031,196,NA,7,2021,Montpellier,La Boissiere,Herault,3.67426,43.6972,NA
1032,200,NA,0,2021,Montpellier,La Boissiere,Herault,3.67426,43.6972,NA
