"","A","B","lat","long","type"
"23","not species A","species B",48.310556,16.375833,"B"
"24","not species A","species B",48.330833,16.3975,"B"
"57","not species A","species B",48.31195,16.36138889,"B"
"58","not species A","species B",48.31195,16.36138889,"B"
"76","not species A","species B",50.646704,5.916799,"B"
"90","not species A","species B",44.76666667,17.18333333,"B"
"210","not species A","species B",48.97564722,14.48028056,"B"
"211","not species A","species B",48.97564722,14.48028056,"B"
"273","species A","species B",41.77248056,2.75928889,"AB"
"274","species A","species B",42.62016389,2.43556389,"AB"
"275","species A","species B",42.755584,2.978153,"AB"
"276","not species A","species B",43.59004444,2.86175556,"B"
"277","species A","species B",43.70493056,3.85021667,"AB"
"278","species A","species B",43.79491389,7.03845833,"AB"
"279","species A","not species B",43.94938611,3.27991944,"A"
"280","species A","species B",44.38695,3.12434444,"AB"
"281","species A","species B",44.58199444,6.10676944,"AB"
"282","species A","not species B",44.65276389,4.44433889,"A"
"283","not species A","species B",46.10682778,1.07935,"B"
"284","species A","species B",46.73384444,0.5102,"AB"
"292","species A","species B",42.755584,2.978153,"AB"
"293","species A","species B",43.70493056,3.85021667,"AB"
"294","species A","species B",43.79491389,7.03845833,"AB"
"295","species A","species B",44.38695,3.12434444,"AB"
"296","species A","species B",46.73384444,0.5102,"AB"
"297","species A","species B",43.79549722,3.77894722,"AB"
"298","species A","not species B",43.94938611,3.27991944,"A"
"311","species A","species B",41.77248056,2.75928889,"AB"
"312","species A","species B",42.62016389,2.43556389,"AB"
"313","species A","species B",42.755584,2.978153,"AB"
"314","species A","species B",43.24193611,-1.30187778,"AB"
"315","not species A","species B",43.59004444,2.86175556,"B"
"316","species A","species B",43.65981667,3.82015556,"AB"
"317","species A","species B",43.65981667,3.82015556,"AB"
"318","species A","species B",43.70493056,3.85021667,"AB"
"319","species A","species B",43.79491389,7.03845833,"AB"
"320","species A","not species B",43.94938611,3.27991944,"A"
"321","species A","species B",44.38695,3.12434444,"AB"
"322","species A","species B",44.58199444,6.10676944,"AB"
"323","species A","not species B",44.65276389,4.44433889,"A"
"324","not species A","species B",46.10682778,1.07935,"B"
"325","not species A","species B",46.35090556,2.98940833,"B"
"326","species A","species B",46.73384444,0.5102,"AB"
"327","species A","not species B",47.34592778,-0.53835833,"A"
"328","species A","not species B",47.34689722,-0.48671667,"A"
"329","species A","species B",47.48706389,-0.61936389,"AB"
"330","species A","species B",48.41036944,2.28891944,"AB"
"331","species A","species B",48.83704167,2.04164722,"AB"
"332","species A","species B",48.83716389,2.02218889,"AB"
"333","not species A","species B",48.84529444,2.00266111,"B"
"347","species A","not species B",42.49590278,2.66828889,"A"
"348","species A","not species B",42.58145556,2.61740556,"A"
"349","species A","species B",42.60644444,2.40398333,"AB"
"350","species A","species B",42.60644444,2.40398333,"AB"
"351","species A","species B",42.60829167,2.40753333,"AB"
"352","species A","species B",42.63172222,2.45939444,"AB"
"353","species A","species B",42.64865278,2.55645833,"AB"
"354","species A","species B",42.64865278,2.55645833,"AB"
"355","species A","species B",42.68806389,2.25086389,"AB"
"356","species A","species B",42.77529444,2.97297222,"AB"
"357","species A","species B",42.77529444,2.97297222,"AB"
"358","species A","species B",42.3763,2.47196944,"AB"
"359","species A","species B",42.62016389,2.43556389,"AB"
"360","species A","species B",42.74138889,2.985,"AB"
"361","species A","species B",42.74138889,2.985,"AB"
"362","species A","species B",42.79408056,2.69851667,"AB"
"363","species A","species B",43.10667222,2.744675,"AB"
"364","species A","species B",43.18043056,2.55804722,"AB"
"365","species A","species B",43.20552778,2.57458333,"AB"
"366","species A","species B",43.27813889,2.59662222,"AB"
"367","species A","species B",43.31991667,3.03988333,"AB"
"368","species A","species B",43.47797778,2.65956667,"AB"
"369","species A","not species B",43.63613889,4.78719444,"A"
"370","species A","species B",43.63838889,4.83044444,"AB"
"371","species A","species B",43.64083333,4.85833333,"AB"
"372","species A","not species B",43.64319444,4.89908333,"A"
"373","species A","species B",43.65019444,4.67627778,"AB"
"374","species A","not species B",43.66986111,4.93402778,"A"
"375","species A","not species B",43.68898611,4.909175,"A"
"376","species A","species B",43.70194444,4.83416667,"AB"
"377","species A","not species B",43.74652778,4.91922222,"A"
"378","species A","not species B",43.97583333,5.07361111,"A"
"379","species A","species B",44.07275278,5.08619167,"AB"
"380","not species A","species B",44.32733056,4.61770833,"B"
"381","species A","species B",44.32733056,4.61770833,"AB"
"382","species A","species B",44.67996111,4.45426111,"AB"
"383","species A","species B",44.71476111,4.82953611,"AB"
"384","species A","species B",44.721375,4.82788333,"AB"
"385","species A","species B",44.81946389,4.88701389,"AB"
"386","species A","species B",44.84875278,4.89435556,"AB"
"387","species A","species B",44.85016111,4.89412778,"AB"
"388","species A","species B",44.97335,4.93313611,"AB"
"389","species A","species B",45.059575,5.01420278,"AB"
"390","species A","species B",45.07919722,4.96988889,"AB"
"391","species A","species B",45.07919722,4.96988889,"AB"
"392","species A","species B",45.07989444,4.97523333,"AB"
"393","species A","species B",45.08712222,4.97697222,"AB"
"394","species A","species B",45.09506111,5.04139167,"AB"
"396","not species A","species B",41.95491667,9.38263333,"B"
"397","not species A","species B",42.10266667,9.24356667,"B"
"398","not species A","species B",42.19581667,9.52596667,"B"
"399","not species A","species B",42.22713333,9.23161667,"B"
"400","not species A","species B",42.33991667,9.03056667,"B"
"401","species A","species B",42.3769,2.47393056,"AB"
"402","not species A","species B",42.38805,9.35136667,"B"
"403","not species A","species B",42.40478333,2.06649167,"B"
"404","species A","species B",42.40680278,2.52971389,"AB"
"405","not species A","species B",42.4268,9.35578333,"B"
"406","species A","species B",42.44904167,2.61836667,"AB"
"407","species A","species B",42.49419722,3.07943889,"AB"
"409","species A","species B",42.50905278,2.773525,"AB"
"410","not species A","species B",42.51671667,9.46131667,"B"
"411","not species A","species B",42.53065,9.4806,"B"
"414","species A","not species B",42.60736667,2.60248333,"A"
"415","species A","species B",42.62016389,2.43556389,"AB"
"416","species A","species B",42.62017222,2.43560833,"AB"
"417","species A","not species B",42.63172222,2.45939444,"A"
"418","species A","not species B",42.64365833,2.45768611,"A"
"419","species A","species B",42.65860833,2.58972222,"AB"
"420","species A","species B",42.65861944,2.58973056,"AB"
"421","species A","species B",42.65861944,2.58973056,"AB"
"422","not species A","species B",42.68806389,2.25086389,"B"
"423","species A","species B",42.68806389,2.25086389,"AB"
"424","not species A","species B",42.68806389,2.25086389,"B"
"425","species A","species B",42.68806389,2.25086389,"AB"
"426","not species A","species B",42.698375,2.09873611,"B"
"427","species A","species B",42.72883611,2.94210556,"AB"
"428","species A","species B",42.72883611,2.94210556,"AB"
"429","species A","species B",42.73344722,2.99762222,"AB"
"430","species A","species B",42.74138889,2.985,"AB"
"431","species A","species B",42.74138889,2.985,"AB"
"432","species A","species B",42.74138889,2.985,"AB"
"433","species A","species B",42.74138889,2.985,"AB"
"436","species A","species B",42.79414722,2.69854167,"AB"
"438","species A","species B",42.99105,2.8027,"AB"
"439","not species A","species B",43.00921944,1.50078611,"B"
"440","species A","species B",43.0371,2.96885278,"AB"
"441","species A","species B",43.03716389,2.96885833,"AB"
"442","species A","species B",43.05586389,2.13161111,"AB"
"443","species A","species B",43.05670278,2.90296111,"AB"
"444","not species A","species B",43.07856111,0.44034167,"B"
"445","not species A","species B",43.08414722,1.91147778,"B"
"446","species A","species B",43.08436944,1.65536944,"AB"
"447","not species A","species B",43.08837778,1.28812222,"B"
"448","species A","species B",43.15847222,1.98804167,"AB"
"449","not species A","species B",43.16940556,1.10487778,"B"
"450","not species A","species B",43.17777778,0.57861111,"B"
"451","not species A","species B",43.19381389,0.60904444,"B"
"452","species A","species B",43.24869167,-1.04996111,"AB"
"453","species A","species B",43.27473611,2.77087222,"AB"
"454","species A","species B",43.30949722,3.13773333,"AB"
"455","species A","species B",43.31047778,2.94964444,"AB"
"456","species A","species B",43.31047778,2.94964444,"AB"
"457","species A","species B",43.31047778,2.94964444,"AB"
"458","species A","species B",43.32006111,3.04006111,"AB"
"459","species A","not species B",43.32735833,5.71762778,"A"
"460","species A","species B",43.35243611,3.42201944,"AB"
"461","species A","species B",43.36268611,-1.51549167,"AB"
"462","species A","species B",43.36789722,2.30155,"AB"
"463","species A","species B",43.37161111,-0.92400833,"AB"
"464","species A","species B",43.39023056,3.32112222,"AB"
"465","species A","species B",43.39629167,3.32756389,"AB"
"466","not species A","species B",43.44574722,-0.70823333,"B"
"467","species A","species B",43.44990833,3.55699722,"AB"
"468","species A","not species B",43.4683,3.67348056,"A"
"469","species A","species B",43.47817778,2.65948889,"AB"
"470","species A","species B",43.48109167,3.46754444,"AB"
"471","not species A","species B",43.48380833,1.31875278,"B"
"472","not species A","species B",43.49095556,1.31927222,"B"
"473","species A","species B",43.50886944,3.84450833,"AB"
"474","species A","species B",43.50975556,3.84682778,"AB"
"475","species A","species B",43.50975556,3.84682778,"AB"
"476","species A","species B",43.51091667,2.74430556,"AB"
"477","species A","not species B",43.513,3.85358889,"A"
"478","not species A","species B",43.51366667,2.32578889,"B"
"479","species A","not species B",43.5158,3.85128889,"A"
"480","not species A","species B",43.53110833,1.51536667,"B"
"482","species A","species B",43.5396,3.76241111,"AB"
"483","species A","species B",43.54673889,2.74111667,"AB"
"484","species A","species B",43.54681944,2.74145556,"AB"
"485","species A","species B",43.54682778,2.74134444,"AB"
"486","not species A","species B",43.55201111,2.79400833,"B"
"487","not species A","species B",43.58690833,1.84874167,"B"
"488","species A","species B",43.58918056,3.82096111,"AB"
"489","species A","species B",43.58926944,3.82089722,"AB"
"490","not species A","species B",43.59004444,2.86175556,"B"
"492","species A","species B",43.59949444,2.84007778,"AB"
"493","species A","species B",43.59969722,3.14026944,"AB"
"494","species A","species B",43.60275,3.27246944,"AB"
"495","species A","species B",43.60400833,3.27373333,"AB"
"496","species A","species B",43.60419444,2.82332778,"AB"
"497","species A","species B",43.604475,3.27413056,"AB"
"498","species A","species B",43.60625,2.81022778,"AB"
"499","species A","species B",43.60640833,2.80919167,"AB"
"501","species A","species B",43.60888889,3.30910556,"AB"
"502","species A","species B",43.61143889,3.32217222,"AB"
"504","species A","species B",43.63122778,3.69391667,"AB"
"505","species A","species B",43.644875,3.47278056,"AB"
"507","species A","not species B",43.65981667,3.82015556,"A"
"508","species A","not species B",43.65981667,3.82015556,"A"
"509","species A","not species B",43.65981667,3.82015556,"A"
"510","species A","not species B",43.65981667,3.82015556,"A"
"511","species A","not species B",43.65981667,3.82015556,"A"
"512","species A","not species B",43.65981667,3.82015556,"A"
"513","species A","not species B",43.65981667,3.82015556,"A"
"514","species A","not species B",43.65981667,3.82015556,"A"
"515","species A","not species B",43.65981667,3.82015556,"A"
"516","species A","not species B",43.65981667,3.82015556,"A"
"517","species A","not species B",43.65981667,3.82015556,"A"
"518","species A","species B",43.65981667,3.82015556,"AB"
"519","species A","species B",43.65981667,3.82015556,"AB"
"520","species A","species B",43.65981667,3.82015556,"AB"
"521","species A","species B",43.65981667,3.82015556,"AB"
"522","species A","species B",43.65981667,3.82015556,"AB"
"523","species A","species B",43.65981667,3.82015556,"AB"
"524","species A","species B",43.65981667,3.82015556,"AB"
"525","species A","species B",43.65981667,3.82015556,"AB"
"526","species A","species B",43.65981667,3.82015556,"AB"
"527","species A","species B",43.65981667,3.82015556,"AB"
"528","species A","species B",43.65981667,3.82015556,"AB"
"529","species A","species B",43.65981667,3.82015556,"AB"
"530","species A","species B",43.65981667,3.82015556,"AB"
"531","species A","species B",43.65981667,3.82015556,"AB"
"532","species A","species B",43.65981667,3.82015556,"AB"
"533","species A","species B",43.65981667,3.82015556,"AB"
"534","species A","species B",43.65981667,3.82015556,"AB"
"535","species A","species B",43.65981667,3.82015556,"AB"
"536","species A","species B",43.65981667,3.82015556,"AB"
"537","species A","species B",43.65981667,3.82015556,"AB"
"538","species A","species B",43.65981667,3.82015556,"AB"
"539","species A","species B",43.65981667,3.82015556,"AB"
"540","species A","species B",43.65981667,3.82015556,"AB"
"541","species A","species B",43.65981667,3.82015556,"AB"
"542","species A","species B",43.65981667,3.82015556,"AB"
"543","species A","species B",43.65981667,3.82015556,"AB"
"544","species A","species B",43.65981667,3.82015556,"AB"
"545","species A","species B",43.65981667,3.82015556,"AB"
"546","species A","species B",43.65981667,3.82015556,"AB"
"547","species A","species B",43.65981667,3.82015556,"AB"
"548","species A","species B",43.65981667,3.82015556,"AB"
"549","species A","species B",43.65981667,3.82015556,"AB"
"550","species A","species B",43.65981667,3.82015556,"AB"
"551","species A","species B",43.66375278,3.64813056,"AB"
"552","species A","species B",43.66515556,4.03992778,"AB"
"553","species A","species B",43.66806389,3.40933056,"AB"
"555","species A","not species B",43.67018333,4.93386111,"A"
"556","species A","species B",43.67018333,4.93386111,"AB"
"557","species A","species B",43.67211944,-0.99695,"AB"
"558","species A","species B",43.67259722,3.57388611,"AB"
"559","not species A","species B",43.67970556,0.50500833,"B"
"561","species A","not species B",43.691425,5.01267222,"A"
"562","species A","not species B",43.691425,5.01267222,"A"
"563","not species A","species B",43.691425,5.01267222,"B"
"564","species A","not species B",43.69168889,5.01277778,"A"
"565","species A","species B",43.69430278,3.53543889,"AB"
"566","species A","species B",43.69430278,3.53543889,"AB"
"567","species A","species B",43.69919722,2.68533889,"AB"
"568","species A","not species B",43.70065,4.65985833,"A"
"569","species A","species B",43.70493056,3.85021667,"AB"
"570","species A","species B",43.70505278,3.85021111,"AB"
"571","species A","species B",43.70534167,3.85356944,"AB"
"572","species A","species B",43.71325278,3.612075,"AB"
"573","species A","not species B",43.72174722,5.14075278,"A"
"575","not species A","species B",43.73219444,1.37627778,"B"
"576","species A","species B",43.73405833,3.49144444,"AB"
"577","species A","not species B",43.73652222,3.54609167,"A"
"578","species A","not species B",43.73672778,3.46358889,"A"
"579","species A","not species B",43.74441389,3.48589722,"A"
"580","species A","species B",43.74441389,3.48589722,"AB"
"581","not species A","species B",43.74704722,-0.06455556,"B"
"582","species A","species B",43.75127778,2.72700833,"AB"
"583","species A","species B",43.75309722,3.76930556,"AB"
"584","species A","not species B",43.75818611,3.77585278,"A"
"585","species A","species B",43.75822222,3.77558056,"AB"
"586","species A","species B",43.76821944,3.33204167,"AB"
"587","species A","species B",43.771625,3.46815278,"AB"
"588","species A","not species B",43.77316667,3.53604722,"A"
"589","not species A","species B",43.77802778,1.35277778,"B"
"590","species A","species B",43.78092222,-0.58677222,"AB"
"591","species A","species B",43.78729167,4.72971111,"AB"
"592","species A","species B",43.78732778,-0.39936944,"AB"
"593","not species A","species B",43.78838889,3.543325,"B"
"594","not species A","species B",43.78838889,3.543325,"B"
"595","not species A","species B",43.78838889,3.543325,"B"
"596","not species A","species B",43.78838889,3.543325,"B"
"597","not species A","species B",43.78838889,3.543325,"B"
"598","not species A","species B",43.78838889,3.543325,"B"
"599","not species A","species B",43.78838889,3.543325,"B"
"600","not species A","species B",43.78838889,3.543325,"B"
"601","not species A","species B",43.78838889,3.543325,"B"
"602","not species A","species B",43.78838889,3.543325,"B"
"603","species A","species B",43.79491389,7.03845833,"AB"
"604","species A","species B",43.79549722,3.77894722,"AB"
"605","species A","not species B",43.79553611,3.77896111,"A"
"606","species A","species B",43.79638611,3.24145278,"AB"
"607","species A","species B",43.81308611,3.59423333,"AB"
"608","species A","not species B",43.81547222,5.79802778,"A"
"609","species A","species B",43.81547222,5.79802778,"AB"
"610","species A","species B",43.81683333,3.57275278,"AB"
"611","species A","species B",43.81995278,3.26747222,"AB"
"612","not species A","species B",43.82323889,1.26456667,"B"
"613","species A","species B",43.82869444,3.56127778,"AB"
"614","species A","not species B",43.83364167,3.37215833,"A"
"615","species A","species B",43.8489,3.52043333,"AB"
"616","species A","not species B",43.8631,3.94034444,"A"
"617","species A","not species B",43.86433056,5.16381111,"A"
"618","not species A","species B",43.87455278,0.15981667,"B"
"619","species A","species B",43.87465833,2.73509444,"AB"
"620","species A","not species B",43.92788889,3.31156944,"A"
"621","species A","not species B",43.92788889,3.31156944,"A"
"622","species A","not species B",43.92788889,3.31156944,"A"
"623","species A","not species B",43.92788889,3.31156944,"A"
"624","species A","not species B",43.92788889,3.31156944,"A"
"625","species A","not species B",43.92788889,3.31156944,"A"
"626","species A","not species B",43.92791389,3.31173889,"A"
"627","species A","not species B",43.92791389,3.31173889,"A"
"628","species A","not species B",43.92791389,3.31173889,"A"
"629","species A","not species B",43.92791389,3.31173889,"A"
"630","not species A","species B",43.92791389,3.31173889,"B"
"631","not species A","species B",43.93422222,1.32352778,"B"
"632","species A","not species B",43.94790833,3.286425,"A"
"633","species A","not species B",43.94804722,3.28639167,"A"
"634","species A","not species B",43.94825833,3.28195833,"A"
"635","species A","not species B",43.94938611,3.27991944,"A"
"636","not species A","species B",43.96300833,0.39145833,"B"
"637","species A","species B",43.96418333,4.48384167,"AB"
"638","species A","species B",43.9806,2.968575,"AB"
"639","species A","not species B",43.98555556,5.17583333,"A"
"640","species A","not species B",43.98555556,5.17583333,"A"
"641","not species A","species B",43.98961944,1.34406667,"B"
"642","species A","not species B",44.0124,3.12688056,"A"
"643","species A","species B",44.02846667,3.52073056,"AB"
"644","species A","species B",44.02846667,3.52073056,"AB"
"645","species A","species B",44.02846667,3.52073056,"AB"
"646","species A","species B",44.02853611,3.52187222,"AB"
"647","not species A","species B",44.02853611,3.52187222,"B"
"648","species A","species B",44.0292,3.48532222,"AB"
"649","not species A","species B",44.03216667,0.87352778,"B"
"650","species A","species B",44.03560278,3.52034167,"AB"
"651","not species A","species B",44.03585556,3.52088056,"B"
"652","species A","species B",44.03585556,3.52088056,"AB"
"653","species A","species B",44.03585556,3.52088056,"AB"
"654","not species A","species B",44.03585556,3.52088056,"B"
"655","species A","species B",44.03585556,3.52088056,"AB"
"656","species A","species B",44.03594444,3.52103611,"AB"
"657","species A","species B",44.06485,2.51607222,"AB"
"658","not species A","species B",44.07209722,1.11411667,"B"
"659","species A","not species B",44.07527778,5.21777778,"A"
"660","species A","species B",44.10373333,3.03142222,"AB"
"661","species A","species B",44.10530833,3.03196944,"AB"
"662","species A","species B",44.10530833,3.03196944,"AB"
"663","species A","species B",44.10552778,3.03206111,"AB"
"664","not species A","species B",44.10696667,1.13115,"B"
"665","species A","not species B",44.10811389,4.59010556,"A"
"666","species A","not species B",44.10811389,4.59010556,"A"
"667","species A","species B",44.11776944,-0.29434444,"AB"
"668","species A","species B",44.141725,3.0109,"AB"
"669","species A","species B",44.16036944,4.36079722,"AB"
"670","not species A","species B",44.17023333,0.591225,"B"
"671","not species A","species B",44.17030556,0.98305556,"B"
"672","not species A","species B",44.17030556,0.98305556,"B"
"673","species A","not species B",44.18080556,4.12419444,"A"
"674","species A","species B",44.21961111,5.91838889,"AB"
"675","species A","species B",44.24203056,2.87430556,"AB"
"676","species A","species B",44.25759167,3.0617,"AB"
"677","species A","species B",44.25768333,3.06181944,"AB"
"678","not species A","species B",44.26618333,0.43514722,"B"
"679","not species A","species B",44.26748056,1.20878611,"B"
"680","species A","not species B",44.27659167,5.27411111,"A"
"681","species A","not species B",44.282567,3.207486,"A"
"682","species A","species B",44.28348611,3.29040278,"AB"
"683","species A","species B",44.29030556,2.57988056,"AB"
"684","species A","not species B",44.32768333,4.61760556,"A"
"685","species A","species B",44.32939722,5.10705278,"AB"
"686","not species A","species B",44.360125,0.95833611,"B"
"688","species A","species B",44.38264722,2.53233056,"AB"
"689","species A","species B",44.38647778,3.12389722,"AB"
"690","species A","species B",44.38647778,3.12389722,"AB"
"691","species A","species B",44.38695,3.12434444,"AB"
"692","not species A","species B",44.40078889,1.51965,"B"
"693","species A","species B",44.406625,3.42833056,"AB"
"695","not species A","species B",44.45314167,0.713675,"B"
"696","not species A","species B",44.47776667,0.68035278,"B"
"697","not species A","species B",44.47864722,0.67955556,"B"
"698","species A","species B",44.48052778,6.09813889,"AB"
"699","species A","species B",44.49493889,0.26037778,"AB"
"700","species A","species B",44.50213056,-0.259175,"AB"
"701","species A","species B",44.50236389,-0.25790278,"AB"
"702","species A","species B",44.507925,-0.26955556,"AB"
"703","species A","species B",44.519125,3.30074722,"AB"
"704","species A","species B",44.519125,3.30074722,"AB"
"705","species A","not species B",44.52354167,-0.2401,"A"
"706","not species A","species B",44.52516667,0.78547222,"B"
"707","species A","species B",44.52866389,1.51561389,"AB"
"708","species A","species B",44.52972222,6.30861111,"AB"
"709","species A","species B",44.53609722,3.60049167,"AB"
"710","not species A","species B",44.54683611,2.30516389,"B"
"711","species A","species B",44.55066667,6.48483333,"AB"
"712","species A","species B",44.55266111,2.73171667,"AB"
"713","species A","species B",44.56161111,6.21294444,"AB"
"714","species A","species B",44.57907222,3.24259444,"AB"
"715","species A","species B",44.57917222,3.24273056,"AB"
"716","species A","species B",44.58199444,6.10676944,"AB"
"717","not species A","species B",44.63019444,0.71272222,"B"
"718","species A","species B",44.63980556,-0.13183333,"AB"
"719","species A","species B",44.64072778,-0.131975,"AB"
"720","species A","not species B",44.65276389,4.44433889,"A"
"721","species A","not species B",44.65276389,4.44433889,"A"
"722","species A","species B",44.65276389,4.44433889,"AB"
"723","species A","species B",44.65276389,4.44433889,"AB"
"724","species A","not species B",44.65276389,4.44433889,"A"
"725","species A","species B",44.66027778,6.60527778,"AB"
"726","species A","species B",44.66288889,4.99036111,"AB"
"727","species A","species B",44.66336111,6.61625,"AB"
"728","species A","species B",44.67866667,1.63546944,"AB"
"729","species A","species B",44.69952778,5.09130556,"AB"
"730","species A","species B",44.73886944,5.26853611,"AB"
"731","species A","not species B",44.73939167,5.00702222,"A"
"732","not species A","species B",44.74077222,1.81505833,"B"
"733","species A","species B",44.75575278,4.97183056,"AB"
"734","species A","species B",44.77035,5.02624722,"AB"
"735","species A","species B",44.77639722,-0.58290833,"AB"
"736","species A","species B",44.77639722,-0.58290833,"AB"
"737","species A","species B",44.79413889,5.01144444,"AB"
"738","species A","species B",44.81702778,4.88305,"AB"
"739","species A","species B",44.81702778,4.88305,"AB"
"740","species A","species B",44.81946389,4.88701389,"AB"
"741","species A","species B",44.81946389,4.88701389,"AB"
"742","species A","species B",44.81946389,4.88701389,"AB"
"743","species A","species B",44.81946389,4.88701389,"AB"
"744","species A","species B",44.81946389,4.88701389,"AB"
"745","species A","species B",44.81946389,4.88701389,"AB"
"746","species A","species B",44.81946389,4.88701389,"AB"
"747","species A","species B",44.81946389,4.88701389,"AB"
"748","species A","species B",44.81946389,4.88701389,"AB"
"749","species A","species B",44.819475,4.88701389,"AB"
"750","species A","species B",44.819475,4.88701389,"AB"
"751","species A","species B",44.8263,3.87241389,"AB"
"752","species A","species B",44.83505,4.89106389,"AB"
"753","species A","species B",44.83734444,4.89335,"AB"
"754","species A","species B",44.83734444,4.89335,"AB"
"755","species A","species B",44.83734444,4.89335,"AB"
"756","species A","species B",44.83879722,0.36149444,"AB"
"757","species A","species B",44.86708333,4.94944444,"AB"
"758","species A","species B",44.86732778,4.94985278,"AB"
"759","species A","species B",44.90614722,4.94329722,"AB"
"760","species A","species B",44.90630556,4.94344444,"AB"
"761","not species A","species B",44.99415833,-0.60724167,"B"
"762","not species A","species B",44.99415833,-0.60724167,"B"
"763","species A","species B",44.99433889,-0.60616389,"AB"
"764","species A","species B",45.031625,3.14216111,"AB"
"765","species A","species B",45.031675,3.14219167,"AB"
"766","species A","species B",45.04565278,3.97310278,"AB"
"767","species A","species B",45.05668056,1.49104167,"AB"
"768","species A","species B",45.14919444,1.13054722,"AB"
"769","species A","species B",45.17014167,4.21157222,"AB"
"770","species A","species B",45.17738333,4.49995556,"AB"
"771","species A","species B",45.25559167,4.73251944,"AB"
"772","species A","species B",45.33609722,3.27739722,"AB"
"773","species A","species B",45.337825,3.27804167,"AB"
"774","species A","species B",45.37124722,5.64078056,"AB"
"775","species A","species B",45.40458056,0.59271111,"AB"
"776","not species A","species B",45.50632778,3.25968333,"B"
"777","species A","species B",45.54563056,4.79291389,"AB"
"778","not species A","species B",45.61336667,4.85098889,"B"
"779","species A","species B",45.61584167,4.85032778,"AB"
"780","not species A","species B",45.70261389,3.16918056,"B"
"781","not species A","species B",45.71074167,1.36210833,"B"
"782","not species A","species B",45.71352222,3.16247222,"B"
"783","not species A","species B",45.76979444,3.197725,"B"
"784","not species A","species B",45.80306944,3.27224722,"B"
"785","not species A","species B",45.84565278,0.19149167,"B"
"786","not species A","species B",45.8719,1.12126667,"B"
"788","not species A","species B",45.92909444,0.73793333,"B"
"789","not species A","species B",45.97018333,6.11982778,"B"
"791","not species A","species B",46.10682778,1.07935,"B"
"792","species A","species B",46.14573611,4.5153,"AB"
"793","species A","species B",46.16169444,4.62381944,"AB"
"794","species A","species B",46.17831944,4.63775833,"AB"
"795","not species A","species B",46.18699444,-1.40498333,"B"
"796","not species A","species B",46.18699444,-1.40498333,"B"
"797","not species A","species B",46.18704444,-1.40512222,"B"
"798","species A","species B",46.20666667,4.54033611,"AB"
"799","species A","species B",46.21901111,4.52518333,"AB"
"800","species A","not species B",46.21901111,4.52518333,"A"
"801","not species A","species B",46.227925,1.455975,"B"
"802","not species A","species B",46.24540278,-0.46437778,"B"
"803","not species A","species B",46.31024722,0.08271667,"B"
"804","not species A","species B",46.35242778,2.98959167,"B"
"805","not species A","species B",46.36135833,2.54655278,"B"
"806","not species A","species B",46.41749444,-1.08381111,"B"
"807","not species A","species B",46.43034167,0.11013333,"B"
"808","not species A","species B",46.43037222,0.11043611,"B"
"809","not species A","species B",46.43037222,0.11043611,"B"
"810","not species A","species B",46.43037222,0.11043611,"B"
"811","not species A","species B",46.43042778,0.11033056,"B"
"812","not species A","species B",46.45382222,-0.86614722,"B"
"813","not species A","species B",46.46428611,0.11518333,"B"
"814","not species A","species B",46.51073889,0.11424444,"B"
"815","not species A","species B",46.57513889,1.50485278,"B"
"816","not species A","species B",46.62068889,0.34357778,"B"
"817","not species A","species B",46.73370556,0.51013333,"B"
"818","species A","species B",46.73384444,0.5102,"AB"
"819","species A","species B",46.73465833,0.50916389,"AB"
"820","species A","species B",46.74791944,0.52866389,"AB"
"821","not species A","species B",46.74906667,2.257575,"B"
"822","not species A","species B",46.82567222,1.92025556,"B"
"823","not species A","species B",46.82900556,-0.42539722,"B"
"824","not species A","species B",46.92264722,-0.60495278,"B"
"825","species A","species B",46.92908056,0.42735278,"AB"
"826","species A","species B",46.92909444,0.42684722,"AB"
"827","not species A","species B",46.93821389,1.24028611,"B"
"828","not species A","species B",47.00238056,4.84715556,"B"
"829","species A","species B",47.00560833,0.06618056,"AB"
"830","species A","species B",47.08906667,-0.04758611,"AB"
"831","not species A","species B",47.09695833,-0.09643611,"B"
"832","species A","species B",47.12168056,0.76461944,"AB"
"833","not species A","species B",47.17183611,-1.59205,"B"
"834","not species A","species B",47.17183611,-1.59205,"B"
"835","species A","species B",47.212775,2.14016111,"AB"
"836","not species A","species B",47.22943889,5.89048056,"B"
"837","not species A","species B",47.22943889,5.89048056,"B"
"839","species A","species B",47.30144167,1.18311389,"AB"
"840","species A","not species B",47.34689722,-0.48671667,"A"
"841","species A","species B",47.35564722,-0.54436389,"AB"
"842","not species A","species B",47.35622778,-0.54258889,"B"
"843","not species A","species B",47.41119722,-2.031925,"B"
"844","species A","species B",47.49853056,0.10522778,"AB"
"845","not species A","species B",47.55346111,-2.39767222,"B"
"846","not species A","species B",47.59025556,0.88245833,"B"
"849","not species A","species B",47.80559444,3.62323333,"B"
"850","species A","species B",47.87713333,1.56470556,"AB"
"851","species A","species B",47.87728333,1.56498333,"AB"
"852","species A","species B",48.00605,0.35786667,"AB"
"854","not species A","species B",48.07083333,7.2775,"B"
"855","not species A","species B",48.31189722,-4.20493889,"B"
"856","not species A","species B",48.35774722,7.56635833,"B"
"858","not species A","species B",48.43956389,-2.15668611,"B"
"859","not species A","species B",48.52203889,-2.03740556,"B"
"860","not species A","species B",48.55816389,-3.38686389,"B"
"861","species A","species B",48.98612778,1.68911111,"AB"
"862","not species A","species B",48.99225278,5.71410278,"B"
"863","not species A","species B",49.049425,-0.71663056,"B"
"864","species A","species B",49.304475,1.12851667,"AB"
"928","not species A","species B",49.34994444,8.13818056,"B"
"934","not species A","species B",47.513462,9.989664,"B"
"935","not species A","species B",47.513462,9.989664,"B"
"936","not species A","species B",47.513462,9.989664,"B"
"937","not species A","species B",47.521068,9.970646,"B"
"938","not species A","species B",47.528006,10.047255,"B"
"939","not species A","species B",47.536153,10.023178,"B"
"940","not species A","species B",47.561232,10.02656,"B"
"941","not species A","species B",47.661389,8.887011,"B"
"942","not species A","species B",47.675274,9.318527,"B"
"943","not species A","species B",47.736042,10.381426,"B"
"944","not species A","species B",47.874814,10.221498,"B"
"945","not species A","species B",47.923036,8.648994,"B"
"946","not species A","species B",47.948215,11.100409,"B"
"947","not species A","species B",48.11,7.664167,"B"
"948","not species A","species B",48.179526,10.383764,"B"
"949","not species A","species B",48.227539,7.711155,"B"
"950","not species A","species B",48.411885,10.294819,"B"
"951","not species A","species B",48.431184,11.597069,"B"
"952","not species A","species B",48.510355,9.755383,"B"
"953","not species A","species B",48.548759,7.975876,"B"
"954","not species A","species B",48.595058,8.86714,"B"
"955","not species A","species B",48.59692,8.065154,"B"
"956","not species A","species B",48.626619,8.074921,"B"
"957","not species A","species B",48.69947,10.242039,"B"
"958","not species A","species B",48.756191,10.3281,"B"
"959","not species A","species B",48.771754,8.090837,"B"
"960","not species A","species B",48.808078,8.863622,"B"
"961","not species A","species B",48.912337,8.503688,"B"
"962","not species A","species B",48.925964,11.374127,"B"
"963","not species A","species B",48.939444,8.574865,"B"
"964","not species A","species B",49.003181,8.492652,"B"
"965","not species A","species B",49.004887,8.493532,"B"
"966","not species A","species B",49.037501,8.173333,"B"
"967","not species A","species B",49.045474,11.356491,"B"
"968","not species A","species B",49.084398,9.194905,"B"
"969","not species A","species B",49.086087,8.64096,"B"
"970","not species A","species B",49.168072,10.329792,"B"
"971","species A","species B",49.184519,7.291584,"AB"
"972","not species A","species B",49.187002,7.36932,"B"
"973","not species A","species B",49.198886,8.118562,"B"
"974","not species A","species B",49.205718,7.498099,"B"
"975","not species A","species B",49.206526,9.581622,"B"
"976","not species A","species B",49.209636,9.567836,"B"
"977","not species A","species B",49.234037,7.186821,"B"
"978","not species A","species B",49.244584,7.249578,"B"
"979","not species A","species B",49.245938,11.091115,"B"
"980","not species A","species B",49.254344,8.737951,"B"
"981","not species A","species B",49.277894,8.766235,"B"
"982","not species A","species B",49.310599,10.707158,"B"
"983","not species A","species B",49.390887,10.968137,"B"
"984","not species A","species B",49.448322,8.673264,"B"
"985","not species A","species B",49.458231,11.082106,"B"
"986","not species A","species B",49.460928,6.632625,"B"
"987","not species A","species B",49.490933,8.183365,"B"
"988","not species A","species B",49.491172,8.181078,"B"
"989","not species A","species B",49.493454,8.152704,"B"
"990","not species A","species B",49.49371,8.15681,"B"
"991","not species A","species B",49.506067,8.211033,"B"
"992","not species A","species B",49.506652,6.524474,"B"
"993","not species A","species B",49.538217,6.977642,"B"
"994","not species A","species B",49.54125,6.887541,"B"
"995","not species A","species B",49.552852,7.242234,"B"
"996","not species A","species B",49.59317,7.065568,"B"
"997","not species A","species B",49.653728,6.449571,"B"
"998","not species A","species B",49.690274,6.46327,"B"
"999","not species A","species B",49.698936,6.573049,"B"
"1000","not species A","species B",50.065513,8.154174,"B"
"1001","not species A","species B",50.141732,8.068104,"B"
"1002","not species A","species B",50.338066,7.710518,"B"
"1003","not species A","species B",50.370579,8.015514,"B"
"1004","not species A","species B",50.390872,7.504448,"B"
"1005","not species A","species B",50.397973,7.461895,"B"
"1006","not species A","species B",50.585852,7.036764,"B"
"1007","not species A","species B",50.621061,7.402061,"B"
"1008","not species A","species B",50.692009,7.186204,"B"
"1009","not species A","species B",50.698688,7.192326,"B"
"1010","not species A","species B",50.850637,8.781041,"B"
"1011","not species A","species B",50.872609,13.525584,"B"
"1012","not species A","species B",50.984837,11.029851,"B"
"1013","not species A","species B",50.992359,10.986803,"B"
"1014","not species A","species B",50.997796,9.145267,"B"
"1015","not species A","species B",51.008917,13.874025,"B"
"1016","not species A","species B",51.025259,6.817228,"B"
"1017","not species A","species B",51.036411,13.892992,"B"
"1018","not species A","species B",51.037962,10.846176,"B"
"1019","not species A","species B",51.042713,10.827784,"B"
"1020","not species A","species B",51.04445,10.817617,"B"
"1021","not species A","species B",51.051828,10.830606,"B"
"1022","not species A","species B",51.053292,10.822516,"B"
"1023","not species A","species B",51.057339,10.823605,"B"
"1024","not species A","species B",51.112986,13.914218,"B"
"1025","not species A","species B",51.125402,11.200926,"B"
"1026","not species A","species B",51.217213,13.317747,"B"
"1027","not species A","species B",51.232934,6.922486,"B"
"1028","not species A","species B",51.325044,6.450202,"B"
"1029","not species A","species B",51.326391,6.444363,"B"
"1030","not species A","species B",51.326886,6.44647,"B"
"1031","not species A","species B",51.338761,6.585342,"B"
"1032","not species A","species B",51.357509,9.590625,"B"
"1033","not species A","species B",51.364349,6.42101,"B"
"1034","not species A","species B",51.503238,11.73814,"B"
"1035","not species A","species B",51.562696,12.886439,"B"
"1036","not species A","species B",52.113689,12.455465,"B"
"1037","not species A","species B",52.359414,13.308923,"B"
"1038","not species A","species B",52.438306,13.605776,"B"
"1039","not species A","species B",52.451756,13.436966,"B"
"1040","not species A","species B",53.644117,9.573435,"B"
"1042","not species A","species B",49.34994444,8.13818056,"B"
"1043","not species A","species B",49.37476389,8.20190833,"B"
"1044","not species A","species B",49.40223056,8.21857222,"B"
"1045","not species A","species B",49.40457778,8.21945833,"B"
"1079","not species A","species B",46.708282,17.765014,"B"
"1080","not species A","species B",46.708282,17.765014,"B"
"1081","not species A","species B",46.9829,17.941711,"B"
"1082","not species A","species B",46.9829,17.941711,"B"
"1083","not species A","species B",47.39111667,19.16323056,"B"
"1084","not species A","species B",47.404675,18.82776389,"B"
"1085","not species A","species B",47.5461,18.936576,"B"
"1086","not species A","species B",48.153499,21.176258,"B"
"1087","not species A","species B",46.708282,17.765014,"B"
"1088","not species A","species B",46.9829,17.941711,"B"
"1089","not species A","species B",48.153499,21.176258,"B"
"1090","not species A","species B",48.338063,21.236752,"B"
"1108","not species A","species B",47.39111667,19.16323056,"B"
"1109","not species A","species B",47.404675,18.82776389,"B"
"1110","not species A","species B",47.64563056,19.02180556,"B"
"1193","species A","species B",45.11670556,7.39534444,"AB"
"1194","not species A","species B",46.37333611,13.13541389,"B"
"1197","not species A","species B",41.93260278,12.55545278,"B"
"1198","not species A","species B",43.85848056,10.57855556,"B"
"1199","not species A","species B",43.85848056,10.57855556,"B"
"1200","species A","species B",44.24661667,9.64042778,"AB"
"1201","species A","species B",44.24661667,9.64042778,"AB"
"1202","not species A","species B",44.36537778,10.57855556,"B"
"1203","not species A","species B",44.36537778,10.57855556,"B"
"1204","species A","species B",44.52925278,8.31253333,"AB"
"1205","not species A","species B",44.82990833,10.57855556,"B"
"1206","not species A","species B",44.98037778,8.56008333,"B"
"1207","species A","species B",45.11670556,7.39534444,"AB"
"1208","not species A","species B",45.14026111,10.74345556,"B"
"1209","not species A","species B",45.14026111,10.74345556,"B"
"1210","not species A","species B",45.540925,10.78270278,"B"
"1211","not species A","species B",45.540925,10.78270278,"B"
"1212","not species A","species B",45.56296667,9.40294444,"B"
"1213","not species A","species B",46.37333611,13.13541389,"B"
"1255","not species A","species B",50.766394,5.849287,"B"
"1256","not species A","species B",50.77764,5.856584,"B"
"1260","not species A","species B",40.89666,21.145213,"B"
"1356","species A","species B",40.59364444,-7.13675833,"AB"
"1357","species A","species B",40.60342222,-7.06793333,"AB"
"1358","species A","species B",40.90110556,-7.91566111,"AB"
"1359","species A","species B",41.75729444,-7.48301111,"AB"
"1366","not species A","species B",47.046501,21.918944,"B"
"1398","not species A","species B",43.891451,20.350173,"B"
"1399","not species A","species B",43.891451,20.350173,"B"
"1400","not species A","species B",43.891451,20.350173,"B"
"1401","not species A","species B",43.891451,20.350173,"B"
"1510","not species A","species B",43.88594167,20.34588056,"B"
"1511","not species A","species B",43.80389167,20.49227222,"B"
"1512","not species A","species B",43.80416667,20.49194444,"B"
"1513","not species A","species B",43.88594167,20.34588056,"B"
"1514","not species A","species B",43.93606111,20.3269,"B"
"1515","not species A","species B",43.93606111,20.3269,"B"
"1516","not species A","species B",43.93606111,20.3269,"B"
"1627","species A","species B",41.77248056,2.75928889,"AB"
"1632","species A","not species B",41.82493889,2.194,"A"
"1652","species A","not species B",42.20473056,2.37498889,"A"
"1653","species A","not species B",41.53005,2.34163889,"A"
"1654","species A","species B",41.77116944,2.76046111,"AB"
"1655","species A","species B",41.77248056,2.75928889,"AB"
"1656","species A","not species B",41.82493889,2.194,"A"
"1657","species A","not species B",41.83913889,2.20973056,"A"
"1658","species A","not species B",41.84571944,2.16975,"A"
"1659","species A","species B",41.84571944,2.16975,"AB"
"1660","species A","not species B",41.90015,2.09821944,"A"
"1661","species A","species B",41.91403611,-7.44498889,"AB"
"1662","species A","species B",41.93326667,-4.50157778,"AB"
"1663","species A","not species B",42.03526111,2.23246111,"A"
"1664","species A","species B",42.13648333,-1.78004444,"AB"
"1665","species A","not species B",42.17806111,2.19333889,"A"
"1666","species A","species B",42.19371111,2.23183889,"AB"
"1667","species A","not species B",42.22265,2.29136944,"A"
"1668","species A","species B",42.25648889,-7.83891111,"AB"
"1669","species A","species B",42.25768056,2.3609,"AB"
"1670","species A","species B",42.33904167,-3.60403889,"AB"
"1671","species A","not species B",42.34405,2.40933889,"A"
"1672","species A","species B",42.41043611,-2.62240833,"AB"
"1673","species A","species B",42.47607778,-7.33875833,"AB"
"1674","species A","species B",42.61408333,-6.38111667,"AB"
"1675","species A","species B",42.77058333,-1.60359722,"AB"
"1676","species A","species B",42.78649444,-5.7569,"AB"
"1677","species A","species B",43.11307222,-2.644325,"AB"
"1678","species A","species B",43.34398056,-3.82014444,"AB"
"1679","species A","species B",43.40358889,-4.68251667,"AB"
"1680","species A","species B",43.47741944,-5.65741389,"AB"
"1745","species A","species B",46.12956111,7.06292222,"AB"
"1747","species A","species B",46.225754,7.28197,"AB"
"1748","species A","species B",46.294131,7.533536,"AB"
"1749","species A","species B",46.383277,6.234801,"AB"
"1750","not species A","species B",46.383277,6.234801,"B"
"1751","not species A","species B",47.00571,9.530813,"B"
"1752","species A","species B",47.058125,7.073063,"AB"
"1753","not species A","species B",47.14105,8.429825,"B"
"1754","not species A","species B",47.165536,9.470861,"B"
"1755","not species A","species B",47.19465,8.293481,"B"
"1756","not species A","species B",47.229687,8.671819,"B"
"1757","not species A","species B",47.413382,7.811735,"B"
"1758","not species A","species B",47.425506,9.613516,"B"
"1759","not species A","species B",47.455094,8.287015,"B"
"1760","not species A","species B",47.492201,7.816898,"B"
"1761","not species A","species B",47.525601,8.822691,"B"
"1762","not species A","species B",47.661715,9.067202,"B"
"1764","species A","species B",46.09871389,7.05870833,"AB"
"1765","species A","species B",46.20957778,7.30038333,"AB"
"1766","species A","species B",46.20957778,7.30038333,"AB"
"1767","species A","species B",46.31577222,7.64927778,"AB"
"1768","species A","species B",46.32125278,8.01043611,"AB"
"1769","not species A","species B",46.77770556,6.505025,"B"
"1770","not species A","species B",46.95363056,7.53140278,"B"
"1771","species A","species B",47.06736389,7.06183611,"AB"
"1772","not species A","species B",47.23854167,7.56246111,"B"
"1773","not species A","species B",46.117028,7.131196,"B"
"1774","not species A","species B",46.117028,7.131196,"B"
"1775","species A","species B",46.117028,7.131196,"AB"
"1776","species A","species B",46.12956111,7.06292222,"AB"
"1777","species A","species B",46.13659167,7.14681667,"AB"
"1778","not species A","species B",46.151778,8.946221,"B"
"1779","not species A","species B",46.151778,8.946221,"B"
"1780","species A","species B",46.199569,7.312692,"AB"
"1781","species A","species B",46.199569,7.312692,"AB"
"1782","species A","species B",46.199569,7.312692,"AB"
"1783","species A","species B",46.20971667,7.303925,"AB"
"1784","not species A","species B",46.209717,7.303925,"B"
"1785","not species A","species B",46.209717,7.303925,"B"
"1786","not species A","species B",46.209717,7.303925,"B"
"1787","not species A","species B",46.209717,7.303925,"B"
"1788","not species A","species B",46.209717,7.303925,"B"
"1789","not species A","species B",46.209717,7.303925,"B"
"1790","species A","species B",46.209717,7.303925,"AB"
"1791","species A","species B",46.209717,7.303925,"AB"
"1792","species A","species B",46.209717,7.303925,"AB"
"1793","species A","species B",46.209717,7.303925,"AB"
"1794","species A","species B",46.209717,7.303925,"AB"
"1795","not species A","species B",46.211667,7.305867,"B"
"1796","species A","species B",46.211667,7.305867,"AB"
"1797","not species A","species B",46.211667,7.305867,"B"
"1798","species A","species B",46.211667,7.305867,"AB"
"1799","species A","species B",46.21190833,7.30529444,"AB"
"1800","species A","species B",46.230269,7.277014,"AB"
"1801","species A","species B",46.230269,7.277014,"AB"
"1802","species A","species B",46.230269,7.277014,"AB"
"1803","species A","species B",46.230269,7.277014,"AB"
"1804","species A","species B",46.230269,7.277014,"AB"
"1805","species A","species B",46.230269,7.277014,"AB"
"1806","species A","species B",46.232307,7.412062,"AB"
"1807","species A","species B",46.251122,7.302524,"AB"
"1808","species A","species B",46.31689,7.643832,"AB"
"1809","species A","species B",46.31689,7.643832,"AB"
"1810","species A","species B",46.31689,7.643832,"AB"
"1811","species A","species B",46.31689,7.643832,"AB"
"1812","species A","species B",46.31689,7.643832,"AB"
"1813","not species A","species B",46.358001,8.970465,"B"
"1814","not species A","species B",46.40081944,6.22625,"B"
"1815","species A","species B",46.41093333,6.19261944,"AB"
"1816","not species A","species B",46.753575,6.53755,"B"
"1824","not species A","species B",36.62733333,33.87411111,"B"
"1825","not species A","species B",36.62733333,33.87411111,"B"
"1826","not species A","species B",36.62733333,33.87411111,"B"
"1827","not species A","species B",37.54758333,34.94552778,"B"
"1828","not species A","species B",39.89572222,29.22183333,"B"
"1829","not species A","species B",39.94097222,28.92763889,"B"
"1830","not species A","species B",40.03652778,28.89636111,"B"
"1831","not species A","species B",40.11325,29.08908333,"B"
"1832","not species A","species B",40.11666667,29.08425,"B"
"1833","not species A","species B",40.11666667,29.08425,"B"
"1834","not species A","species B",40.19177778,28.98538889,"B"
"1835","not species A","species B",40.642,29.27966667,"B"
"1843","not species A","species B",36.54138889,33.935,"B"
"1844","not species A","species B",36.54138889,33.935,"B"
"1845","not species A","species B",36.62527778,33.87305556,"B"
"1846","not species A","species B",36.62527778,33.87305556,"B"
"1847","not species A","species B",36.69388889,33.60972222,"B"
"1848","not species A","species B",36.69388889,33.60972222,"B"
"1849","not species A","species B",36.70261944,33.90832222,"B"
"1850","not species A","species B",36.70277778,33.90833333,"B"
"1851","not species A","species B",36.70277778,33.90833333,"B"
"1852","not species A","species B",36.71527778,33.90277778,"B"
"1853","not species A","species B",36.71583333,33.90361111,"B"
"1854","not species A","species B",36.7225,33.90277778,"B"
"1856","not species A","species B",36.90555556,33.90277778,"B"
"1857","not species A","species B",37.39725,34.85869444,"B"
"1858","not species A","species B",37.39775,34.85541667,"B"
"1859","not species A","species B",37.43222222,34.92366667,"B"
"1860","not species A","species B",37.54764,34.946551,"B"
"1864","not species A","species B",39.89572222,29.22183333,"B"
"1865","not species A","species B",39.93827778,28.94763889,"B"
"1866","not species A","species B",40.11325,29.08908333,"B"
"1867","not species A","species B",40.62055556,42.01166667,"B"
"1868","not species A","species B",40.630135,29.272639,"B"
